row_index,relative_bag_time_s,model,baseline.right_hip_target_rad,baseline.left_hip_target_rad,freeze_current_hip.right_hip_target_rad,freeze_current_hip.left_hip_target_rad,freeze_all_history_hip.right_hip_target_rad,freeze_all_history_hip.left_hip_target_rad,zero_velocity_code.right_hip_target_rad,zero_velocity_code.left_hip_target_rad,full_model_current_q.eps1.dtarget0_dinput0,full_model_current_q.eps1.dtarget0_dinput1,full_model_current_q.eps1.dtarget1_dinput0,full_model_current_q.eps1.dtarget1_dinput1,full_model_current_q.eps2.dtarget0_dinput0,full_model_current_q.eps2.dtarget0_dinput1,full_model_current_q.eps2.dtarget1_dinput0,full_model_current_q.eps2.dtarget1_dinput1,full_model_current_dq.eps1.dtarget0_dinput0,full_model_current_dq.eps1.dtarget0_dinput1,full_model_current_dq.eps1.dtarget1_dinput0,full_model_current_dq.eps1.dtarget1_dinput1,full_model_current_dq.eps2.dtarget0_dinput0,full_model_current_dq.eps2.dtarget0_dinput1,full_model_current_dq.eps2.dtarget1_dinput0,full_model_current_dq.eps2.dtarget1_dinput1,actor_direct_q.eps1.dtarget0_dinput0,actor_direct_q.eps1.dtarget0_dinput1,actor_direct_q.eps1.dtarget1_dinput0,actor_direct_q.eps1.dtarget1_dinput1,actor_direct_q.eps2.dtarget0_dinput0,actor_direct_q.eps2.dtarget0_dinput1,actor_direct_q.eps2.dtarget1_dinput0,actor_direct_q.eps2.dtarget1_dinput1,actor_direct_dq.eps1.dtarget0_dinput0,actor_direct_dq.eps1.dtarget0_dinput1,actor_direct_dq.eps1.dtarget1_dinput0,actor_direct_dq.eps1.dtarget1_dinput1,actor_direct_dq.eps2.dtarget0_dinput0,actor_direct_dq.eps2.dtarget0_dinput1,actor_direct_dq.eps2.dtarget1_dinput0,actor_direct_dq.eps2.dtarget1_dinput1
3200,0.0,2026-09-16_15-12-04,0.11507163941860199,-0.09568421542644501,0.11507163941860199,-0.09568421542644501,0.11507163941860199,-0.09568421542644501,0.1223689392209053,-0.10461986809968948,-1.9873454570770264,2.095088243484497,1.1505744457244873,-1.8161683082580566,-1.9804946184158325,2.089831829071045,1.1431965827941895,-1.8106101751327515,-0.008970871567726135,0.013442710041999817,0.008221343159675598,-0.015141069889068604,-0.00897292047739029,0.013444758951663971,0.008222460746765137,-0.01514144241809845,-1.869928002357483,2.1722538471221924,1.5202573537826538,-1.3652517795562744,-1.8636788129806519,2.1658072471618652,1.5136971473693848,-1.3582631349563599,-0.0087052583694458,0.013522058725357056,0.009522214531898499,-0.013748183846473694,-0.008706748485565186,0.013522431254386902,0.009522959589958191,-0.013748928904533386
3201,0.019988376000000585,2026-09-16_15-12-04,0.20518793165683746,-0.18354128301143646,0.2051142156124115,-0.18347206711769104,0.20511703193187714,-0.1834545135498047,0.20688003301620483,-0.18579979240894318,-2.4994611740112305,2.564936637878418,1.790404200553894,-2.353370189666748,-2.4973487854003906,2.563737154006958,1.78806471824646,-2.3519880771636963,-0.003727525472640991,0.005790591239929199,0.0018768012523651123,-0.007086992263793945,-0.0037278980016708374,0.005788728594779968,0.0018790364265441895,-0.007086247205734253,-2.372659683227539,2.669185161590576,2.1422057151794434,-1.94847571849823,-2.3709757328033447,2.667616844177246,2.1404101848602295,-1.9465534687042236,-0.003287196159362793,0.006019324064254761,0.0035300850868225098,-0.005647540092468262,-0.0032864511013031006,0.006020441651344299,0.003528967499732971,-0.005649775266647339
3202,0.039999250000008146,2026-09-16_15-12-04,0.18681007623672485,-0.1815585047006607,0.25033125281333923,-0.23534779250621796,0.2509421110153198,-0.23444829881191254,0.18187753856182098,-0.17543481290340424,-3.297991991043091,3.217197895050049,2.606898307800293,-3.091715097427368,-3.298144578933716,3.217827320098877,2.6069767475128174,-3.092348337173462,-0.010828673839569092,0.011721253395080566,0.008623301982879639,-0.013040006160736084,-0.010825321078300476,0.011721253395080566,0.00862032175064087,-0.013038143515586853,-3.1228809356689453,3.3418161869049072,2.916656255722046,-2.696223497390747,-3.1231231689453125,3.3421401977539062,2.9169058799743652,-2.6964170932769775,-0.010257214307785034,0.012040883302688599,0.009901076555252075,-0.011672824621200562,-0.010256469249725342,0.012041628360748291,0.009899958968162537,-0.011673569679260254
3203,0.06004215900000531,2026-09-16_15-12-04,0.0445406436920166,-0.05316953361034393,0.2470654398202896,-0.23252268135547638,0.24864394962787628,-0.23167553544044495,0.025103578343987465,-0.033930353820323944,-5.160215854644775,4.682201862335205,4.37346076965332,-4.776891231536865,-5.163870334625244,4.684382915496826,4.376580715179443,-4.779068470001221,-0.037058815360069275,0.034203752875328064,0.0337943434715271,-0.03642924129962921,-0.03706030547618866,0.034199655055999756,0.03379564732313156,-0.03642551600933075,-4.742782115936279,4.961252212524414,4.545192718505859,-4.415705680847168,-4.745274543762207,4.963999271392822,4.547303199768066,-4.418158531188965,-0.03601647913455963,0.03498643636703491,0.03449767827987671,-0.03522820770740509,-0.0360170379281044,0.034986063838005066,0.03449879586696625,-0.035228580236434937
3204,0.08006023299999754,2026-09-16_15-12-04,-0.006365152075886726,0.0013013537973165512,0.1735866218805313,-0.1535034030675888,0.1753145009279251,-0.15305930376052856,-0.007416725158691406,-0.0033296216279268265,-2.6588568687438965,2.492805004119873,1.9566974639892578,-2.737041473388672,-2.6595633029937744,2.493656635284424,1.9573372602462769,-2.738725185394287,0.000605359673500061,0.0008084811270236969,-0.002479180693626404,-0.0028971582651138306,0.0006054062396287918,0.0008081085979938507,-0.002480205148458481,-0.0028938986361026764,-2.4471421241760254,2.718330144882202,2.3412983417510986,-2.2892987728118896,-2.4478275775909424,2.719111680984497,2.3421831130981445,-2.2903661727905273,0.0011851079761981964,0.0015060417354106903,-0.0013560056686401367,-0.0015353783965110779,0.0011852942407131195,0.001505902037024498,-0.001356564462184906,-0.001534540206193924
3205,0.09998562799999888,2026-09-16_15-12-04,0.054492317140102386,-0.03860927373170853,0.13313855230808258,-0.10829910635948181,0.13333772122859955,-0.10854364931583405,0.05023668706417084,-0.04678735136985779,-3.5168564319610596,3.3010504245758057,2.829585075378418,-3.2006053924560547,-3.5184452533721924,3.3020169734954834,2.8311123847961426,-3.2016372680664062,0.001545250415802002,-0.0006493180990219116,-0.003400072455406189,-0.0008001923561096191,0.0015459954738616943,-0.0006498768925666809,-0.0033996999263763428,-0.0008005648851394653,-3.2671055793762207,3.552086591720581,3.0846593379974365,-2.9157919883728027,-3.268230438232422,3.5531575679779053,3.0856802463531494,-2.916825771331787,0.0026166439056396484,0.0003155320882797241,-0.0023540109395980835,9.350478649139404e-05,0.002617575228214264,0.00031422823667526245,-0.0023543834686279297,9.499490261077881e-05
3206,0.11999422899999956,2026-09-16_15-12-04,0.21712546050548553,-0.1810908019542694,0.17322224378585815,-0.14119267463684082,0.17056776583194733,-0.14279751479625702,0.20499537885189056,-0.18070028722286224,-3.2558960914611816,2.9262301921844482,2.8004868030548096,-2.6583669185638428,-3.254547595977783,2.9248669147491455,2.7993133068084717,-2.6564297676086426,-0.009069591760635376,0.00731348991394043,0.007256120443344116,-0.00869855284690857,-0.009069591760635376,0.00731348991394043,0.007255375385284424,-0.008696690201759338,-2.949491024017334,3.1865909099578857,2.8980298042297363,-2.5121121406555176,-2.94767689704895,3.184657335281372,2.8961894512176514,-2.509612560272217,-0.007368624210357666,0.008387863636016846,0.00788867473602295,-0.008179247379302979,-0.007366016507148743,0.008387863636016846,0.007884949445724487,-0.008180737495422363
3207,0.13999287800000104,2026-09-16_15-12-04,0.24276870489120483,-0.21478234231472015,0.2425161749124527,-0.21607425808906555,0.2406645566225052,-0.2183918058872223,0.23897027969360352,-0.2164163738489151,-0.9149982929229736,1.3279690742492676,0.3709569275379181,-1.020796537399292,-0.914961040019989,1.3278274536132812,0.37106868624687195,-1.020301103591919,-0.015670061111450195,0.020376592874526978,0.01282915472984314,-0.020360946655273438,-0.015671178698539734,0.020378828048706055,0.012829527258872986,-0.020363181829452515,-0.9505897164344788,1.2262612581253052,0.8186399340629578,-0.49354878067970276,-0.9502544403076172,1.2260749340057373,0.8183493614196777,-0.49304959177970886,-0.016395747661590576,0.01963302493095398,0.015866011381149292,-0.01799836754798889,-0.016396865248680115,0.01963116228580475,0.01586340367794037,-0.017996877431869507
3208,0.16004231499999833,2026-09-16_15-12-04,-0.04302961379289627,0.03264676779508591,0.24358756840229034,-0.22799871861934662,0.2447386533021927,-0.22809310257434845,-0.04506378620862961,0.039960116147994995,-4.62108850479126,4.397872447967529,4.02604866027832,-4.580183506011963,-4.621880054473877,4.399774551391602,4.026619911193848,-4.582455635070801,-0.0462949275970459,0.0440351665019989,0.0441133975982666,-0.04696249961853027,-0.046294182538986206,0.04403442144393921,0.04411265254020691,-0.04696398973464966,-4.262447357177734,4.54376220703125,4.219554901123047,-4.122885704040527,-4.263596534729004,4.545282363891602,4.220765113830566,-4.124457359313965,-0.04549399018287659,0.04426799714565277,0.044912099838256836,-0.045450031757354736,-0.04549417644739151,0.04426874220371246,0.04491303116083145,-0.04544965922832489
3209,0.18003065899999626,2026-09-16_15-12-04,-0.14175035059452057,0.13182950019836426,0.10245943069458008,-0.07529234141111374,0.10501638799905777,-0.07184471189975739,-0.13874299824237823,0.1364680975675583,-4.2948126792907715,4.08858060836792,3.336541175842285,-4.638574600219727,-4.297975063323975,4.093929767608643,3.340203046798706,-4.6448516845703125,-0.015524029731750488,0.018125027418136597,0.013393163681030273,-0.023111701011657715,-0.015526264905929565,0.01812279224395752,0.01339353621006012,-0.023111701011657715,-4.0241923332214355,4.404052734375,3.8161425590515137,-4.053197383880615,-4.02835750579834,4.409398555755615,3.8209071159362793,-4.0594916343688965,-0.015010684728622437,0.018946081399917603,0.01432076096534729,-0.021604448556900024,-0.015012547373771667,0.01894831657409668,0.014321506023406982,-0.021605193614959717
3210,0.20004038100000798,2026-09-16_15-12-04,-0.016936711966991425,0.04836646467447281,0.018821371719241142,0.014210591092705727,0.02126864716410637,0.018148405477404594,-0.01686830259859562,0.044500768184661865,-4.271600723266602,4.383893966674805,3.629307985305786,-4.181999683380127,-4.264190673828125,4.37836217880249,3.622755289077759,-4.177073001861572,-0.01227445900440216,0.015385448932647705,0.010309740900993347,-0.015775486826896667,-0.012276461347937584,0.015385821461677551,0.010312721133232117,-0.01577679067850113,-4.112339019775391,4.571400165557861,3.9220898151397705,-3.864638328552246,-4.104779243469238,4.564889430999756,3.9154160022735596,-3.8587076663970947,-0.011615920811891556,0.01599593088030815,0.011280179023742676,-0.014855712652206421,-0.011615920811891556,0.01599579118192196,0.011280737817287445,-0.014856085181236267
3211,0.2199939690000008,2026-09-16_15-12-04,0.3890201449394226,-0.34194180369377136,0.12341970950365067,-0.07985486090183258,0.1134553775191307,-0.07755686342716217,0.3822270929813385,-0.34206727147102356,-2.2063851356506348,1.6220061779022217,2.430513381958008,-1.4432518482208252,-2.206787347793579,1.6227810382843018,2.4313926696777344,-1.4440714120864868,-0.04946291446685791,0.03968775272369385,0.047266483306884766,-0.04080832004547119,-0.049461424350738525,0.03968924283981323,0.047266483306884766,-0.04080682992935181,-1.782297968864441,2.0622611045837402,2.2569446563720703,-1.6223489046096802,-1.7826929092407227,2.062991142272949,2.257779121398926,-1.6230641603469849,-0.04552304744720459,0.041961669921875,0.045427680015563965,-0.04188716411590576,-0.04552528262138367,0.04196465015411377,0.04542618989944458,-0.041884928941726685
3212,0.24001380400000016,2026-09-16_15-12-04,0.26685458421707153,-0.2604875862598419,0.24227948486804962,-0.22391080856323242,0.24020348489284515,-0.22748829424381256,0.2979927659034729,-0.28215864300727844,-0.5854666233062744,0.27167797088623047,1.3670622110366821,-0.2768188714981079,-0.56476891040802,0.2721548080444336,1.338600993156433,-0.2771914005279541,-0.03523528575897217,0.033476948738098145,0.0357896089553833,-0.031107664108276367,-0.03523826599121094,0.033473968505859375,0.0357896089553833,-0.031104683876037598,-0.36068257689476013,0.5103796720504761,1.159951090812683,-0.4271715581417084,-0.353455513715744,0.5084425210952759,1.1499673128128052,-0.4243999421596527,-0.03391057252883911,0.03410130739212036,0.034245848655700684,-0.031691789627075195,-0.033912062644958496,0.03410130739212036,0.034245848655700684,-0.03169402480125427
3213,0.2600210300000043,2026-09-16_15-12-04,-0.5229328274726868,0.523650050163269,0.25555023550987244,-0.23178517818450928,0.25889652967453003,-0.23477943241596222,-0.5535136461257935,0.5621068477630615,-4.75868558883667,5.585729598999023,4.60052490234375,-6.035923480987549,-4.757940769195557,5.585387229919434,4.599600791931152,-6.035879135131836,-0.06251335144042969,0.06742775440216064,0.06054341793060303,-0.0688016414642334,-0.06250739097595215,0.06743073463439941,0.06053894758224487,-0.06880015134811401,-4.675298690795898,5.4063496589660645,4.919737339019775,-5.424290657043457,-4.67468786239624,5.4057087898254395,4.919126510620117,-5.423649787902832,-0.06243288516998291,0.06682276725769043,0.06108582019805908,-0.06705522537231445,-0.062431395053863525,0.0668257474899292,0.06108731031417847,-0.06705820560455322
3214,0.28002003000000286,2026-09-16_15-12-04,-0.5232477784156799,0.48709359765052795,-0.052482910454273224,0.11426492780447006,-0.052277572453022,0.11477799713611603,-0.5770518779754639,0.5539634823799133,0.8580088019371033,-1.6624926328659058,-2.8859970569610596,1.5836803913116455,0.8580833077430725,-1.6621648073196411,-2.885207414627075,1.5828534364700317,-0.05202293395996094,0.05855262279510498,0.0516742467880249,-0.07016807794570923,-0.05201399326324463,0.058557093143463135,0.05167052149772644,-0.07017254829406738,0.8557438254356384,-1.124262809753418,-2.0518152713775635,1.9193588495254517,0.8557438254356384,-1.1241137981414795,-2.051323652267456,1.9186733961105347,-0.0524371862411499,0.05925595760345459,0.05201399326324463,-0.06969869136810303,-0.0524371862411499,0.05925893783569336,0.05200803279876709,-0.06970316171646118
3215,0.29999090100000103,2026-09-16_15-12-04,0.9968376755714417,-0.9235551357269287,-0.1256837695837021,0.16082526743412018,-0.11650211364030838,0.16494300961494446,0.980945885181427,-0.9294732213020325,-2.060532569885254,2.389967441558838,1.8872617483139038,-2.5753674507141113,-2.0598769187927246,2.3885369300842285,1.8866060972213745,-2.5740413665771484,-0.044733285903930664,0.044286251068115234,0.04172921180725098,-0.04953145980834961,-0.04473179578781128,0.044289231300354004,0.0417366623878479,-0.04953145980834961,-2.044767141342163,2.4712681770324707,2.3348331451416016,-2.139151096343994,-2.043858051300049,2.4702250957489014,2.3338794708251953,-2.1380929946899414,-0.044471025466918945,0.04458427429199219,0.04412829875946045,-0.047904253005981445,-0.04446655511856079,0.04457533359527588,0.04412531852722168,-0.047901272773742676
3216,0.3200601470000066,2026-09-16_15-12-04,0.7694898247718811,-0.8116775155067444,0.005831407383084297,-0.030191795900464058,-0.03761883080005646,0.004687933251261711,0.7900388240814209,-0.8134575486183167,-1.5238224267959595,1.0481774806976318,1.8631516695022583,-0.8921026587486267,-1.523956537246704,1.0484755039215088,1.8631218671798706,-0.8922814726829529,-0.04825890064239502,0.03488659858703613,0.044092535972595215,-0.03275573253631592,-0.048254430294036865,0.03488510847091675,0.04407912492752075,-0.032748281955718994,-1.1404156684875488,1.4612971544265747,1.6338824033737183,-1.1184513568878174,-1.1405348777770996,1.461371660232544,1.633897304534912,-1.1185407638549805,-0.04308521747589111,0.03738105297088623,0.04100203514099121,-0.03421008586883545,-0.04308074712753296,0.03736317157745361,0.04099905490875244,-0.034196674823760986
3217,0.34003780199999767,2026-09-16_15-12-04,-2.0364768505096436,2.0666325092315674,-0.1500130295753479,0.11767885833978653,-0.12240790575742722,0.09469098597764969,-1.9431620836257935,1.9600064754486084,-0.6433724761009216,1.3308523893356323,0.2747774124145508,-1.9901989698410034,-0.643730103969574,1.3309119939804077,0.274658203125,-1.9903181791305542,-0.06670951843261719,0.07867813110351562,0.0743865966796875,-0.09462833404541016,-0.06670355796813965,0.07866621017456055,0.07440447807312012,-0.09464025497436523,-0.899314820766449,1.3712643384933472,1.0652542114257812,-1.592039942741394,-0.8994936347007751,1.3712643384933472,1.0651350021362305,-1.5919207334518433,-0.06763935089111328,0.07811784744262695,0.0760793685913086,-0.09287595748901367,-0.06763339042663574,0.07811188697814941,0.07608532905578613,-0.0928640365600586
3218,0.36002141000000165,2026-09-16_15-12-04,0.053761400282382965,-0.17245835065841675,0.6810142397880554,-0.6799474954605103,0.7000296711921692,-0.6853414177894592,-0.046289242804050446,0.002673698589205742,-2.017416000366211,1.5566571950912476,0.8646994233131409,-1.6071795225143433,-2.0173041820526123,1.5566105842590332,0.8647292256355286,-1.6072205305099487,-0.05156882107257843,0.04977397620677948,0.042622536420822144,-0.049073994159698486,-0.05156993865966797,0.04977919161319733,0.04262179136276245,-0.049075111746788025,-1.9794962406158447,1.6382373571395874,1.1677368879318237,-1.3807936906814575,-1.979377031326294,1.6380231380462646,1.1677852869033813,-1.3807340860366821,-0.0524573028087616,0.04965253174304962,0.04268363118171692,-0.049717724323272705,-0.05245860666036606,0.04965551197528839,0.042686983942985535,-0.04972107708454132
3219,0.3800618860000071,2026-09-16_15-12-04,1.8596699237823486,-1.7085479497909546,0.1893618255853653,-0.14117150008678436,0.17837175726890564,-0.14394108951091766,1.760932445526123,-1.7138231992721558,-2.841651201248169,3.4146902561187744,2.4727582931518555,-3.4328696727752686,-2.841561794281006,3.41474986076355,2.47269868850708,-3.4326908588409424,-0.03656148910522461,0.033724308013916016,0.02727508544921875,-0.04088878631591797,-0.03655850887298584,0.03371834754943848,0.02728104591369629,-0.04087686538696289,-2.9105541706085205,3.4545061588287354,3.156304121017456,-2.9624102115631104,-2.910524368286133,3.4545657634735107,3.156393527984619,-2.9623804092407227,-0.03679394721984863,0.034117698669433594,0.0357508659362793,-0.037288665771484375,-0.03680586814880371,0.034111738204956055,0.035753846168518066,-0.037297606468200684
3220,0.4000317650000085,2026-09-16_15-12-04,-2.1600115299224854,1.9862868785858154,-0.669852077960968,0.476032018661499,-0.6471078395843506,0.45953282713890076,-1.927376389503479,1.6937713623046875,-3.488778829574585,3.5709140300750732,4.152059555053711,-4.014909267425537,-3.488659620285034,3.5709140300750732,4.151880741119385,-4.015088081359863,-0.05888938903808594,0.05397796630859375,0.05996823310852051,-0.0577092170715332,-0.058901309967041016,0.05396604537963867,0.059989094734191895,-0.05773007869720459,-3.04400897026062,3.8448569774627686,3.7966368198394775,-4.211783409118652,-3.043830156326294,3.844618558883667,3.7967262268066406,-4.211664199829102,-0.0548243522644043,0.05511045455932617,0.05729794502258301,-0.0581204891204834,-0.05481243133544922,0.05512237548828125,0.05728602409362793,-0.05812942981719971
3221,0.4200608800000083,2026-09-16_15-12-04,-2.5542705059051514,2.409404993057251,0.3955671191215515,-0.2414286881685257,0.41731151938438416,-0.290740042924881,-2.8160147666931152,2.625328302383423,-1.2046098709106445,0.957608163356781,0.3269910514354706,-1.717448115348816,-1.204848289489746,0.9575485587120056,0.32705065608024597,-1.717448115348816,-0.0743865966796875,0.07632970809936523,0.07734298706054688,-0.08624792098999023,-0.07437467575073242,0.07633566856384277,0.07734298706054688,-0.08625984191894531,-1.2534856796264648,1.0429620742797852,0.924348771572113,-1.3061760663986206,-1.2533068656921387,1.0426640510559082,0.9245871901512146,-1.3061164617538452,-0.07556676864624023,0.07636547088623047,0.07704496383666992,-0.08654594421386719,-0.07557272911071777,0.0764012336730957,0.07704496383666992,-0.08653402328491211
3222,0.44004672799999867,2026-09-16_15-12-04,1.884347677230835,-2.1085193157196045,0.3440576493740082,-0.4874465763568878,0.35526442527770996,-0.45765143632888794,1.5546560287475586,-1.6839951276779175,-3.147005796432495,3.5091636180877686,1.9972323179244995,-3.064274549484253,-3.1470654010772705,3.509133815765381,1.997470736503601,-3.0640361309051514,-0.06079673767089844,0.05831718444824219,0.060749053955078125,-0.06630420684814453,-0.06078183650970459,0.05832314491271973,0.06073713302612305,-0.06631612777709961,-3.335416078567505,3.5114285945892334,2.5314090251922607,-2.7804372310638428,-3.335326671600342,3.5113391876220703,2.5314090251922607,-2.7802584171295166,-0.06165504455566406,0.05818605422973633,0.06154775619506836,-0.06668567657470703,-0.06165206432342529,0.05819201469421387,0.0615537166595459,-0.06667375564575195
3223,0.46003427099999783,2026-09-16_15-12-04,1.1956584453582764,-1.3978363275527954,-0.945399820804596,0.9893497824668884,-0.7591436505317688,0.6403757929801941,1.0284069776535034,-1.3099260330200195,-3.342449426651001,2.5553700923919678,3.5942790508270264,-2.162933349609375,-3.342151403427124,2.555161476135254,3.5939810276031494,-2.1625161170959473,-0.04721879959106445,0.033164024353027344,0.04374980926513672,-0.03268122673034668,-0.047200918197631836,0.033152103424072266,0.04374682903289795,-0.03267526626586914,-2.8748509883880615,3.0007359981536865,3.1278727054595947,-2.53051495552063,-2.874403953552246,3.0004379749298096,3.12754487991333,-2.5301573276519775,-0.04096031188964844,0.03650188446044922,0.03823041915893555,-0.035262107849121094,-0.04095137119293213,0.03649294376373291,0.03822743892669678,-0.035253167152404785
3224,0.48006505099999686,2026-09-16_15-12-04,-3.372565746307373,3.678147077560425,-0.32672882080078125,0.28778818249702454,-0.3766155242919922,0.30811524391174316,-3.2582712173461914,3.5361392498016357,0.3706216514110565,0.7407664656639099,-0.8056163191795349,-0.9024142622947693,0.37050244212150574,0.7403492331504822,-0.8053779006004333,-0.9024142622947693,-0.054073333740234375,0.06749629974365234,0.05288124084472656,-0.0753641128540039,-0.05404353141784668,0.06750822067260742,0.0528872013092041,-0.07535815238952637,-0.3103017807006836,0.5934238433837891,0.16510485112667084,-0.5764961242675781,-0.31059980392456055,0.5935430526733398,0.16516445577144623,-0.5768537521362305,-0.05975961685180664,0.06618499755859375,0.06012916564941406,-0.0735163688659668,-0.05977153778076172,0.06623268127441406,0.06015896797180176,-0.07352828979492188
3225,0.5000307050000004,2026-09-16_15-12-04,0.19539634883403778,-0.29718443751335144,1.120617389678955,-1.2114754915237427,1.1507012844085693,-1.39533531665802,-0.6502942442893982,0.46123993396759033,-1.5265642404556274,1.1576935052871704,0.5684942007064819,-1.0044276714324951,-1.5268548727035522,1.1580809354782104,0.5687102675437927,-1.004762887954712,-0.0412575900554657,0.0369340181350708,0.045934319496154785,-0.04958510398864746,-0.04126839339733124,0.03693625330924988,0.04593580961227417,-0.04958063364028931,-1.4494954347610474,1.2226998805999756,0.7499306797981262,-0.8604376912117004,-1.4497487545013428,1.2230277061462402,0.749953031539917,-0.8607059121131897,-0.04251152276992798,0.03713145852088928,0.04714280366897583,-0.05050301551818848,-0.04250258207321167,0.0371299684047699,0.04713907837867737,-0.05049780011177063
3226,0.5200696769999951,2026-09-16_15-12-04,0.9664118885993958,-0.9912894368171692,0.10933203995227814,0.04909132421016693,-0.07814249396324158,0.010275928303599358,0.666863739490509,-0.8696200251579285,-2.998351812362671,2.6520488262176514,3.1694767475128174,-3.404378652572632,-2.9967424869537354,2.651050567626953,3.167539596557617,-3.4033355712890625,-0.038689374923706055,0.029087066650390625,0.03730058670043945,-0.04200935363769531,-0.038689374923706055,0.02908855676651001,0.03730058670043945,-0.04200339317321777,-2.8578040599823,2.839982271194458,3.571033239364624,-3.118633985519409,-2.856701374053955,2.8385815620422363,3.569870948791504,-3.1169352531433105,-0.03482997417449951,0.03140866756439209,0.040471553802490234,-0.041544437408447266,-0.03482997417449951,0.031407177448272705,0.04047751426696777,-0.04153251647949219
3227,0.5400708859999952,2026-09-16_15-12-04,-1.2805196046829224,1.6669820547103882,-0.009544840082526207,0.3173355758190155,-0.047664038836956024,0.29782766103744507,-1.3433469533920288,1.3187867403030396,-4.714846611022949,4.403531551361084,6.086825847625732,-6.143986701965332,-4.715770244598389,4.403173923492432,6.087988376617432,-6.1437482833862305,-0.06709694862365723,0.05366206169128418,0.05797743797302246,-0.059217214584350586,-0.06709098815917969,0.05366504192352295,0.05798041820526123,-0.05921125411987305,-4.162847995758057,4.675030708312988,5.920588493347168,-6.119071960449219,-4.162877559661865,4.674792289733887,5.920886516571045,-6.119071960449219,-0.05900859832763672,0.05668997764587402,0.05729794502258301,-0.05881190299987793,-0.05901753902435303,0.0567018985748291,0.057309865951538086,-0.05882978439331055
3228,0.5600694390000029,2026-09-16_15-12-04,-2.0225911140441895,2.3205347061157227,-0.006927048787474632,0.1319059580564499,-0.013270264491438866,0.06494876742362976,-2.194575786590576,2.3504223823547363,-0.7007121443748474,-0.18429754674434662,-0.9529590010643005,-0.21910665929317474,-0.700652539730072,-0.1844763606786728,-0.9530186057090759,-0.21904705464839935,-0.06971359252929688,0.07332563400268555,0.07179975509643555,-0.08691549301147461,-0.06970763206481934,0.07333755493164062,0.07178783416748047,-0.08690357208251953,-0.7157325148582458,0.20360945165157318,-0.11098384112119675,0.06508827209472656,-0.7158517241477966,0.20360945165157318,-0.11098384112119675,0.06532669067382812,-0.07414817810058594,0.07114410400390625,0.07522106170654297,-0.08527040481567383,-0.07416009902954102,0.07116198539733887,0.0752568244934082,-0.08527636528015137
3200,0.0,2026-09-19_11-41-48,0.04918695241212845,-0.0736444741487503,0.04918695241212845,-0.0736444741487503,0.04918695241212845,-0.0736444741487503,0.05354420095682144,-0.07652325928211212,-2.2880733013153076,2.2916531562805176,1.9370838403701782,-1.7496346235275269,-2.2836177349090576,2.2855772972106934,1.9362437725067139,-1.7473678588867188,-0.005964562296867371,0.003996863961219788,0.0022705644369125366,-0.0020343810319900513,-0.005965679883956909,0.003997236490249634,0.0022685155272483826,-0.002034194767475128,-2.0766854286193848,2.390667676925659,1.9719301462173462,-1.6513614654541016,-2.0727345943450928,2.3844165802001953,1.970890760421753,-1.6490648984909058,-0.0056996941566467285,0.00444166362285614,0.0025093555450439453,-0.0020038336515426636,-0.0056996941566467285,0.004440918564796448,0.0025095418095588684,-0.0020040199160575867
3201,0.019988376000000585,2026-09-19_11-41-48,0.10034990310668945,-0.116634801030159,0.1003112643957138,-0.11662372946739197,0.10031870007514954,-0.11662408709526062,0.09843743592500687,-0.11650785803794861,-2.7510931491851807,2.5968923568725586,2.291813373565674,-2.0295305252075195,-2.7529335021972656,2.59799861907959,2.2935492992401123,-2.030402421951294,-0.005444511771202087,0.0025566667318344116,0.0014856457710266113,-0.000873953104019165,-0.005444325506687164,0.002555549144744873,0.0014886260032653809,-0.0008746981620788574,-2.4682319164276123,2.778380870819092,2.301253318786621,-1.9836201667785645,-2.4693121910095215,2.7793421745300293,2.302326202392578,-1.9843987226486206,-0.004858523607254028,0.003160908818244934,0.0015936791896820068,-0.0009052455425262451,-0.004858151078224182,0.0031601637601852417,0.001594051718711853,-0.0009052455425262451
3202,0.039999250000008146,2026-09-19_11-41-48,0.08148586750030518,-0.1011647880077362,0.13336315751075745,-0.1412758082151413,0.1352383941411972,-0.14135394990444183,0.07351752370595932,-0.09830260276794434,-2.119663953781128,2.3483335971832275,1.5109888315200806,-1.7368494272232056,-2.11982798576355,2.3478641510009766,1.5111229419708252,-1.7369426488876343,-0.007353350520133972,0.007626786828041077,0.003267452120780945,-0.005970895290374756,-0.007349252700805664,0.007627531886100769,0.0032693147659301758,-0.005971267819404602,-1.9854604005813599,2.383291721343994,1.7103887796401978,-1.5335081815719604,-1.9856038093566895,2.3829171657562256,1.7105600833892822,-1.5335623025894165,-0.007192790508270264,0.007836148142814636,0.003972649574279785,-0.0055808573961257935,-0.00719316303730011,0.007836893200874329,0.003972277045249939,-0.005579926073551178
3203,0.06004215900000531,2026-09-19_11-41-48,0.02657831273972988,-0.054327040910720825,0.1350397914648056,-0.13955603539943695,0.13939310610294342,-0.13955990970134735,0.01896253041923046,-0.04811081290245056,-1.395313024520874,1.3387296199798584,1.135449767112732,-1.2703760862350464,-1.3963309526443481,1.339584469795227,1.1360756158828735,-1.271104335784912,-0.011144950985908508,0.01028105616569519,0.006541237235069275,-0.009321421384811401,-0.011146441102027893,0.010281987488269806,0.006541050970554352,-0.009322352707386017,-1.19742751121521,1.4343894720077515,1.3043172359466553,-1.083306908607483,-1.1980915069580078,1.4351856708526611,1.3048089742660522,-1.0838806629180908,-0.01079905778169632,0.010653771460056305,0.007119402289390564,-0.008993968367576599,-0.010799430310726166,0.010655168443918228,0.007118843495845795,-0.00899527221918106
3204,0.08006023299999754,2026-09-19_11-41-48,-0.00659780390560627,-0.01230400800704956,0.09366461634635925,-0.09866125136613846,0.09872180223464966,-0.0981527790427208,-0.010796291753649712,-0.009699860587716103,-1.1689717769622803,0.9399502873420715,0.9183799624443054,-1.0177994966506958,-1.1726561784744263,0.9406944513320923,0.9177773594856262,-1.0187867879867554,-0.0011272728443145752,-0.0008620321750640869,-0.004088319838047028,0.0016364268958568573,-0.0011256895959377289,-0.0008606351912021637,-0.0040887389332056046,0.001637125387787819,-0.9167715311050415,1.1111701726913452,1.095538854598999,-0.85064297914505,-0.9185447692871094,1.1122840642929077,1.0955947637557983,-0.8511966466903687,-0.0005733221769332886,-0.0003764405846595764,-0.0036001205444335938,0.0019843690097332,-0.0005739741027355194,-0.00037588179111480713,-0.003599235787987709,0.001983530819416046
3205,0.09998562799999888,2026-09-19_11-41-48,0.01783784292638302,-0.029360925778746605,0.06966153532266617,-0.07599765807390213,0.07144966721534729,-0.07551771402359009,0.015812570229172707,-0.031831130385398865,-1.9874571561813354,1.999247670173645,1.6607939004898071,-1.6338731050491333,-1.9897072315216064,2.0018162727355957,1.6620497703552246,-1.635209083557129,-0.0009248033165931702,3.8743019104003906e-05,-0.0026615336537361145,0.001035444438457489,-0.0009237788617610931,3.855675458908081e-05,-0.002660974860191345,0.0010359100997447968,-1.8074902296066284,2.1094789505004883,1.7909965515136719,-1.5137213468551636,-1.8092663288116455,2.111750602722168,1.7920149564743042,-1.5148067474365234,-0.0004898756742477417,0.00030510127544403076,-0.0022372230887413025,0.0012228265404701233,-0.0004888512194156647,0.00030659139156341553,-0.0022374093532562256,0.0012216158211231232
3206,0.11999422899999956,2026-09-19_11-41-48,0.13587041199207306,-0.12968598306179047,0.09197791665792465,-0.0931244045495987,0.08723321557044983,-0.0910874754190445,0.1219610869884491,-0.12370021641254425,-3.556884765625,2.828538179397583,3.288790464401245,-2.3520960807800293,-3.557044744491577,2.828746795654297,3.289017677307129,-2.3521928787231445,-0.008937716484069824,0.0026382505893707275,0.0054895877838134766,-0.0012189149856567383,-0.00893622636795044,0.002639368176460266,0.0054895877838134766,-0.0012196600437164307,-3.048367738723755,3.2124218940734863,3.037951707839966,-2.5241000652313232,-3.04848313331604,3.212477922439575,3.038029909133911,-2.524122476577759,-0.007210671901702881,0.003360956907272339,0.004616379737854004,-0.0016421079635620117,-0.007210671901702881,0.0033617019653320312,0.004616379737854004,-0.001642480492591858
3207,0.13999287800000104,2026-09-19_11-41-48,0.16341032087802887,-0.15525074303150177,0.1464933454990387,-0.13776974380016327,0.13986165821552277,-0.13501198589801788,0.1462508589029312,-0.1479635387659073,-3.093756675720215,2.6295182704925537,2.8927547931671143,-2.2372751235961914,-3.0942633152008057,2.6290676593780518,2.8933098316192627,-2.236872911453247,-0.013349950313568115,0.009116530418395996,0.009590387344360352,-0.00745728611946106,-0.0133514404296875,0.009115412831306458,0.009594112634658813,-0.007458403706550598,-2.680413246154785,2.906538486480713,2.7379987239837646,-2.312004566192627,-2.6802642345428467,2.9061696529388428,2.7379541397094727,-2.311661720275879,-0.012126564979553223,0.009769946336746216,0.00919923186302185,-0.007776916027069092,-0.012128427624702454,0.0097714364528656,0.00920034945011139,-0.007776170969009399
3208,0.16004231499999833,2026-09-19_11-41-48,-0.017846008762717247,-0.009472876787185669,0.14508135616779327,-0.14136461913585663,0.1449781209230423,-0.1406223028898239,-0.024823913350701332,-0.0040315669029951096,-1.7896815538406372,1.579712986946106,1.4017735719680786,-1.475052833557129,-1.7862961292266846,1.5791542530059814,1.3994401693344116,-1.4747562408447266,-0.05232039839029312,0.05125589668750763,0.043143611401319504,-0.045770127326250076,-0.052324868738651276,0.05125775933265686,0.04314454272389412,-0.045771244913339615,-1.475237250328064,1.6955993175506592,1.4697824716567993,-1.2833623886108398,-1.4737471342086792,1.694298267364502,1.4687743186950684,-1.2824772596359253,-0.05196761339902878,0.05190577358007431,0.043714698404073715,-0.045672617852687836,-0.051970500499010086,0.051906146109104156,0.043716516345739365,-0.04567354917526245
3209,0.18003065899999626,2026-09-19_11-41-48,-0.12526652216911316,0.023667944595217705,0.057242266833782196,-0.062401533126831055,0.060439057648181915,-0.05902186036109924,-0.08807375282049179,0.040916234254837036,-7.478967189788818,3.1065566539764404,0.8222013115882874,-2.6126651763916016,-7.487090110778809,3.1281168460845947,0.8358135223388672,-2.6527438163757324,-0.01717880368232727,-0.0054933130741119385,-0.003290735185146332,-0.0066922977566719055,-0.017181411385536194,-0.005487725138664246,-0.003287568688392639,-0.006691180169582367,-5.629941463470459,4.87548828125,1.5974509716033936,-1.8144621849060059,-5.641695022583008,4.890907287597656,1.6186795234680176,-1.842890739440918,-0.013712048530578613,-0.0006370246410369873,-0.0016905367374420166,-0.004704855382442474,-0.013712048530578613,-0.0006377696990966797,-0.0016909092664718628,-0.004704110324382782
3210,0.20004038100000798,2026-09-19_11-41-48,-0.0012970250099897385,-0.0033330414444208145,0.0062859077006578445,-0.019914688542485237,0.007693184539675713,-0.015961596742272377,0.0016882065683603287,-0.004355465993285179,-2.1320786476135254,2.932691812515259,1.548608660697937,-2.2801895141601562,-2.1346237659454346,2.9349427223205566,1.5508415699005127,-2.2815794944763184,-0.026564300060272217,0.030123628675937653,0.019688159227371216,-0.025607366114854813,-0.0265670008957386,0.030120834708213806,0.0196866225451231,-0.02560368739068508,-2.24503493309021,3.0299909114837646,1.9504660367965698,-2.0944390296936035,-2.2470688819885254,3.0324671268463135,1.9518336057662964,-2.0957224369049072,-0.026475824415683746,0.0298304483294487,0.020330026745796204,-0.02479003742337227,-0.026475731283426285,0.029826350510120392,0.020330073311924934,-0.024786777794361115
3211,0.2199939690000008,2026-09-19_11-41-48,0.30821582674980164,-0.2889193594455719,0.06046590209007263,-0.06979158520698547,0.04474557936191559,-0.06099645048379898,0.2844124436378479,-0.27290090918540955,-2.7029364109039307,1.0962188243865967,2.9852685928344727,-1.1327564716339111,-2.7256531715393066,1.1127740144729614,3.004744529724121,-1.1476799249649048,-0.02939552068710327,0.017765164375305176,0.024619698524475098,-0.014644861221313477,-0.02939477562904358,0.017767399549484253,0.024618953466415405,-0.014646351337432861,-1.8511115312576294,1.7972885370254517,2.3375749588012695,-1.597806692123413,-1.8712505102157593,1.8178819417953491,2.355731964111328,-1.616276741027832,-0.0258028507232666,0.018815696239471436,0.021980702877044678,-0.015529990196228027,-0.0258028507232666,0.01881122589111328,0.021979212760925293,-0.015527009963989258
3212,0.24001380400000016,2026-09-19_11-41-48,0.34525731205940247,-0.327761173248291,0.20183198153972626,-0.18615314364433289,0.1837635189294815,-0.17636744678020477,0.32428357005119324,-0.31901150941848755,-1.8529890775680542,1.6283093690872192,2.105921506881714,-1.58226478099823,-1.852810263633728,1.6276090145111084,2.1061971187591553,-1.5809162855148315,-0.049467384815216064,0.048285722732543945,0.04474073648452759,-0.04448294639587402,-0.04946663975715637,0.04828497767448425,0.04474073648452759,-0.044483691453933716,-1.6167758703231812,1.778676986694336,2.0463614463806152,-1.5578417778015137,-1.616485357284546,1.7780660390853882,2.046190023422241,-1.557297945022583,-0.04856288433074951,0.04856586456298828,0.044718384742736816,-0.04459768533706665,-0.04856213927268982,0.048567354679107666,0.044718384742736816,-0.04459545016288757
3213,0.2600210300000043,2026-09-19_11-41-48,-0.4961349368095398,0.4322938621044159,0.17262955009937286,-0.15128156542778015,0.17161214351654053,-0.1522303819656372,-0.5323711633682251,0.47452858090400696,-4.876554012298584,4.680245876312256,4.825383186340332,-6.265460968017578,-4.879422187805176,4.66864538192749,4.819691181182861,-6.252131938934326,-0.08013248443603516,0.07862597703933716,0.06976276636123657,-0.07834285497665405,-0.08013695478439331,0.07861927151679993,0.06976649165153503,-0.0783376395702362,-4.486769199371338,4.732876777648926,5.28615665435791,-5.507289886474609,-4.482924938201904,4.725701808929443,5.278914928436279,-5.498021602630615,-0.07986277341842651,0.07953494787216187,0.0712275505065918,-0.07698535919189453,-0.07986128330230713,0.07953643798828125,0.07122606039047241,-0.07699057459831238
3214,0.28002003000000286,2026-09-19_11-41-48,-0.3762197494506836,0.31267011165618896,-0.07987004518508911,0.09600330144166946,-0.08061271905899048,0.0962204560637474,-0.40671807527542114,0.3269846737384796,-0.33679601550102234,-0.8397995829582214,-0.1767575591802597,-0.45536455512046814,-0.3364979922771454,-0.840328574180603,-0.17618386447429657,-0.45605745911598206,-0.036326050758361816,0.0323370099067688,0.014244019985198975,-0.021563470363616943,-0.036326050758361816,0.032335519790649414,0.014241784811019897,-0.021566450595855713,0.06724894046783447,-0.126570463180542,0.23095308244228363,-0.23166833817958832,0.06754696369171143,-0.12686103582382202,0.23140756785869598,-0.2321004718542099,-0.03735870122909546,0.034709274768829346,0.014622509479522705,-0.020611286163330078,-0.03735646605491638,0.03470852971076965,0.014623254537582397,-0.020613521337509155
3215,0.29999090100000103,2026-09-19_11-41-48,0.7911972999572754,-0.7559303641319275,-0.08353659510612488,0.08179187029600143,-0.07752743363380432,0.08418288826942444,0.7320437431335449,-0.7322306036949158,-1.6647576093673706,2.266526222229004,1.9110738039016724,-2.056807279586792,-1.6647725105285645,2.266451597213745,1.9109247922897339,-2.0567922592163086,-0.03857016563415527,0.03924071788787842,0.03692209720611572,-0.03813803195953369,-0.03857165575027466,0.03924816846847534,0.03692209720611572,-0.038148462772369385,-1.822978138923645,2.3110508918762207,2.1067261695861816,-1.9458531141281128,-1.8229185342788696,2.3109912872314453,2.106696367263794,-1.9457935094833374,-0.03813803195953369,0.038880109786987305,0.03713667392730713,-0.03775060176849365,-0.038139522075653076,0.038871169090270996,0.03714114427566528,-0.037741661071777344
3216,0.3200601470000066,2026-09-19_11-41-48,0.8820233345031738,-0.8079911470413208,0.0921793207526207,-0.09179937839508057,0.08104249835014343,-0.07821454852819443,0.8698259592056274,-0.8141787052154541,-0.9523629546165466,1.1503994464874268,1.3684033155441284,-1.5172361135482788,-0.9522735476493835,1.1504292488098145,1.3682841062545776,-1.5172361135482788,-0.04610121250152588,0.04671812057495117,0.03851056098937988,-0.04126131534576416,-0.0461086630821228,0.04671961069107056,0.03851652145385742,-0.041259825229644775,-0.9691118597984314,1.1554956436157227,1.6002355813980103,-1.2787877321243286,-0.9690969586372375,1.155555248260498,1.6002206802368164,-1.2788026332855225,-0.04577934741973877,0.046443939208984375,0.03997683525085449,-0.040844082832336426,-0.04578679800033569,0.04645735025405884,0.03997534513473511,-0.040850043296813965
3217,0.34003780199999767,2026-09-19_11-41-48,-2.2375571727752686,2.019496202468872,-0.08850537985563278,0.08822856843471527,-0.08896864205598831,0.09214000403881073,-2.2495827674865723,2.0300443172454834,-4.464626312255859,-0.2759695053100586,1.9205807447433472,-4.504561424255371,-4.462778568267822,-0.27805566787719727,1.9196866750717163,-4.503488540649414,-0.0817418098449707,0.05736351013183594,0.06524324417114258,-0.0810861587524414,-0.0817418098449707,0.05736351013183594,0.0652313232421875,-0.08109211921691895,-2.7948615550994873,1.9192694425582886,2.762913465499878,-3.1017062664031982,-2.7935502529144287,1.91795814037323,2.762317419052124,-3.1008121967315674,-0.07810592651367188,0.06679296493530273,0.06687641143798828,-0.07588863372802734,-0.07811188697814941,0.06679892539978027,0.0668644905090332,-0.07588863372802734
3218,0.36002141000000165,2026-09-19_11-41-48,0.25344353914260864,-0.20832379162311554,0.3852732181549072,-0.22640664875507355,0.3908000588417053,-0.2225690335035324,0.12176455557346344,-0.0988791286945343,-0.7530301213264465,0.8392929434776306,-0.05774199590086937,0.11352448910474777,-0.7531046271324158,0.8392482399940491,-0.05769729241728783,0.11360272020101547,-0.04680603742599487,0.04649907350540161,0.047563016414642334,-0.05093812942504883,-0.04680231213569641,0.04651173949241638,0.047563016414642334,-0.050951167941093445,-0.7308422923088074,0.8694379925727844,-0.04053115472197533,0.11987238377332687,-0.7308199405670166,0.8693709373474121,-0.040490176528692245,0.11985748261213303,-0.04722476005554199,0.046734511852264404,0.048100948333740234,-0.05109161138534546,-0.04722997546195984,0.04673227667808533,0.04810504615306854,-0.051093101501464844
3219,0.3800618860000071,2026-09-19_11-41-48,1.8938708305358887,-1.6301640272140503,0.1009371429681778,0.001005508005619049,0.0947122648358345,-0.0004744846373796463,1.6250426769256592,-1.4875813722610474,-2.3424625396728516,2.9552576541900635,2.231478691101074,-2.6980040073394775,-2.34222412109375,2.954989433288574,2.231299877166748,-2.6977059841156006,-0.03007650375366211,0.03133416175842285,0.026941299438476562,-0.030541419982910156,-0.03008246421813965,0.03133416175842285,0.026941299438476562,-0.030544400215148926,-2.463400363922119,2.9646155834198,2.5148985385894775,-2.551436185836792,-2.463221549987793,2.9644367694854736,2.5148091316223145,-2.5511977672576904,-0.03063678741455078,0.0311434268951416,0.02841949462890625,-0.030291080474853516,-0.030627846717834473,0.031140446662902832,0.02841949462890625,-0.030285120010375977
3220,0.4000317650000085,2026-09-19_11-41-48,-2.0125372409820557,1.7075258493423462,-0.5987746715545654,0.5042015910148621,-0.6237618923187256,0.520745575428009,-1.8916558027267456,1.5763299465179443,-1.522898554801941,0.926017701625824,1.523673415184021,-1.4706848859786987,-1.5228389501571655,0.9269117712974548,1.5243290662765503,-1.4724432229995728,-0.06358623504638672,0.056052207946777344,0.049430131912231445,-0.05080699920654297,-0.06358623504638672,0.056052207946777344,0.049439072608947754,-0.05080103874206543,-1.0066032409667969,1.1243820190429688,1.5077589750289917,-1.2219548225402832,-1.0073184967041016,1.1249184608459473,1.508712649345398,-1.223057508468628,-0.06070137023925781,0.05671977996826172,0.04998445510864258,-0.05099177360534668,-0.06070137023925781,0.05671977996826172,0.04997849464416504,-0.05097389221191406
3221,0.4200608800000083,2026-09-19_11-41-48,-1.5286073684692383,1.7463277578353882,0.2204885333776474,-0.058217838406562805,0.15632803738117218,-0.04741416871547699,-1.4660946130752563,1.5354697704315186,-0.8856057524681091,0.41240450739860535,0.45502182841300964,-0.5318522453308105,-0.8855759501457214,0.41252371668815613,0.45502182841300964,-0.5320906639099121,-0.07308721542358398,0.072479248046875,0.0662386417388916,-0.07464289665222168,-0.07308721542358398,0.07246136665344238,0.0662386417388916,-0.07463395595550537,-0.6169676780700684,0.4069208800792694,0.41544434428215027,-0.4203319251537323,-0.6168186664581299,0.4071294963359833,0.41547414660453796,-0.4203021228313446,-0.07297992706298828,0.07371306419372559,0.06479620933532715,-0.07404088973999023,-0.07298886775970459,0.07370412349700928,0.06480813026428223,-0.07404983043670654
3222,0.44004672799999867,2026-09-19_11-41-48,1.5575250387191772,-1.5391279458999634,0.3619326949119568,-0.3048841655254364,0.409953236579895,-0.29358282685279846,1.1388444900512695,-1.263904333114624,-0.9866952300071716,1.4074443578720093,0.6759762167930603,-0.8186101317405701,-0.9866952300071716,1.4075039625167847,0.6759762167930603,-0.8186995387077332,-0.039064884185791016,0.04255175590515137,0.03731846809387207,-0.04535317420959473,-0.03905892372131348,0.042560696601867676,0.03733634948730469,-0.045356154441833496,-1.0840892791748047,1.5457271337509155,0.8382200598716736,-0.8117555975914001,-1.0840892791748047,1.5456079244613647,0.8382498621940613,-0.8116959929466248,-0.04016757011413574,0.042569637298583984,0.03809928894042969,-0.04484057426452637,-0.04017055034637451,0.042560696601867676,0.03810226917266846,-0.04483163356781006
3223,0.46003427099999783,2026-09-19_11-41-48,1.2485707998275757,-0.9904573559761047,-0.44933637976646423,0.5393937230110168,-0.5480920076370239,0.5288799405097961,1.068168044090271,-1.0597666501998901,-0.809132993221283,1.6844271421432495,1.0646581649780273,-1.9202231168746948,-0.809222400188446,1.684486746788025,1.0646283626556396,-1.9201635122299194,-0.061637163162231445,0.06628036499023438,0.05161762237548828,-0.05956888198852539,-0.06162822246551514,0.06628930568695068,0.05161464214324951,-0.05958080291748047,-1.1222362518310547,1.5222429037094116,1.5988348722457886,-1.5175937414169312,-1.1221766471862793,1.5220938920974731,1.5988348722457886,-1.5176831483840942,-0.06210803985595703,0.06499886512756348,0.05398988723754883,-0.058400630950927734,-0.062087178230285645,0.06499290466308594,0.05397200584411621,-0.058391690254211426
3224,0.48006505099999686,2026-09-19_11-41-48,-3.2528860569000244,3.4127438068389893,-0.5751150846481323,0.4991966485977173,-0.5809370875358582,0.47958889603614807,-3.2669200897216797,3.276196241378784,-0.6426572203636169,0.2976655960083008,0.2504587173461914,-0.7956027388572693,-0.6429552435874939,0.29784440994262695,0.2506375312805176,-0.7960795760154724,-0.0621795654296875,0.05283355712890625,0.06350278854370117,-0.06701946258544922,-0.06216168403625488,0.05283355712890625,0.06353259086608887,-0.0670313835144043,-0.4357099235057831,0.3616809546947479,0.4520415961742401,-0.5247592926025391,-0.4357099235057831,0.3619193732738495,0.4522800147533417,-0.5249977111816406,-0.06006956100463867,0.05308389663696289,0.06527900695800781,-0.06716251373291016,-0.06007552146911621,0.05310773849487305,0.06526708602905273,-0.06715059280395508
3225,0.5000307050000004,2026-09-19_11-41-48,0.5269826054573059,-0.4570591151714325,0.6536016464233398,-0.36861076951026917,0.7315564155578613,-0.43818601965904236,0.34498077630996704,-0.29602518677711487,-0.4826187789440155,0.47862526774406433,0.058606263250112534,0.006094574462622404,-0.48266348242759705,0.478655070066452,0.058665867894887924,0.006236135493963957,-0.03547370433807373,0.035181641578674316,0.041493773460388184,-0.044827163219451904,-0.03546774387359619,0.03518015146255493,0.04148334264755249,-0.04483163356781006,-0.4418492019176483,0.4560947120189667,0.07231533527374268,0.02378225140273571,-0.44186410307884216,0.45621392130851746,0.07226318120956421,0.0236853938549757,-0.03568828105926514,0.03515183925628662,0.04170536994934082,-0.044767558574676514,-0.0356823205947876,0.03514885902404785,0.04169940948486328,-0.044765323400497437
3226,0.5200696769999951,2026-09-19_11-41-48,1.5037546157836914,-1.3240940570831299,0.2263220101594925,-0.029292965307831764,0.20722006261348724,-0.07908418774604797,1.0815227031707764,-1.0123823881149292,-2.2718310356140137,2.7283427715301514,1.7767547369003296,-2.1556615829467773,-2.2718310356140137,2.7283427715301514,1.776426911354065,-2.155512571334839,-0.030755996704101562,0.032645463943481445,0.0258028507232666,-0.032269954681396484,-0.030747056007385254,0.03263354301452637,0.025793910026550293,-0.032263994216918945,-2.390563488006592,2.8025505542755127,2.0775198936462402,-2.1189451217651367,-2.390742301940918,2.802520751953125,2.0776093006134033,-2.118736505508423,-0.030803680419921875,0.031280517578125,0.02664923667907715,-0.03063678741455078,-0.030794739723205566,0.03128349781036377,0.02664327621459961,-0.03064274787902832
3227,0.5400708859999952,2026-09-19_11-41-48,-1.3496875762939453,1.6587496995925903,0.020538298413157463,0.3261865973472595,-0.03148326277732849,0.19169411063194275,-1.000530481338501,0.9067952036857605,-2.811729669570923,2.302408218383789,4.376530647277832,-4.070878028869629,-2.811521053314209,2.3020803928375244,4.376769065856934,-4.070728778839111,-0.06313920021057129,0.05739927291870117,0.06268024444580078,-0.06559491157531738,-0.06313920021057129,0.05740821361541748,0.06268024444580078,-0.06559491157531738,-2.3910999298095703,2.3146867752075195,4.284501075744629,-3.8464066982269287,-2.3907721042633057,2.3144781589508057,4.284590244293213,-3.846496105194092,-0.0615239143371582,0.0585019588470459,0.06309747695922852,-0.06682872772216797,-0.061509013175964355,0.05850791931152344,0.06308555603027344,-0.06683170795440674
3228,0.5600694390000029,2026-09-19_11-41-48,-0.7445290088653564,1.1400301456451416,0.2828389108181,-0.017538653686642647,0.2627166509628296,-0.06148208677768707,-0.7637573480606079,1.1292654275894165,-1.1738240718841553,0.7160305380821228,1.294791579246521,-0.6791948676109314,-1.1738240718841553,0.716015636920929,1.2947617769241333,-0.6791650652885437,-0.032514333724975586,0.032261013984680176,0.05124211311340332,-0.055783987045288086,-0.03250539302825928,0.03226250410079956,0.05123317241668701,-0.055786967277526855,-1.0008811950683594,0.7837414145469666,1.1116862297058105,-0.7090567946434021,-1.0008960962295532,0.7837265133857727,1.1116564273834229,-0.7090865969657898,-0.03211498260498047,0.032716989517211914,0.05066394805908203,-0.05639195442199707,-0.03211498260498047,0.03271251916885376,0.05066394805908203,-0.05638599395751953
3200,0.0,2026-09-21_20-20-10,0.08521036058664322,-0.08624705672264099,0.08521036058664322,-0.08624705672264099,0.08521036058664322,-0.08624705672264099,0.08508206158876419,-0.08722656965255737,-1.570030927658081,1.661881685256958,1.5233792066574097,-1.8165446519851685,-1.570198655128479,1.6615501642227173,1.5237833261489868,-1.8161516189575195,-0.004575401544570923,0.00015348196029663086,3.650784492492676e-05,-0.0006284564733505249,-0.004573166370391846,0.00015813857316970825,3.241002559661865e-05,-0.0006340444087982178,-1.4655663967132568,1.752339243888855,1.8146522045135498,-1.5042610168457031,-1.465475082397461,1.7521660327911377,1.8146278858184814,-1.5041677951812744,-0.0042516738176345825,0.0004302710294723511,0.0011418014764785767,0.0004429370164871216,-0.004252046346664429,0.0004298985004425049,0.001142360270023346,0.00044349581003189087
3201,0.019988376000000585,2026-09-21_20-20-10,0.15412940084934235,-0.1664690375328064,0.15412570536136627,-0.1664612591266632,0.1541285663843155,-0.16644644737243652,0.1538972407579422,-0.16477414965629578,-1.5425829887390137,1.6854926347732544,1.5160366296768188,-1.891255259513855,-1.5421136617660522,1.6852840185165405,1.5141888856887817,-1.8908604383468628,-0.004716217517852783,4.842877388000488e-05,0.0012032687664031982,-0.0018343329429626465,-0.004717335104942322,4.6566128730773926e-05,0.0012073665857315063,-0.0018306076526641846,-1.4487205743789673,1.7692222595214844,1.8489508628845215,-1.5533565282821655,-1.4485715627670288,1.769270658493042,1.8481872081756592,-1.5532820224761963,-0.0044405460357666016,0.0002823770046234131,0.0024415552616119385,-0.0006183981895446777,-0.004440918564796448,0.00028349459171295166,0.0024415552616119385,-0.0006183981895446777
3202,0.039999250000008146,2026-09-21_20-20-10,0.12838397920131683,-0.1508972942829132,0.17896702885627747,-0.205165296792984,0.17942605912685394,-0.20414020121097565,0.12587092816829681,-0.14133194088935852,-2.099022150039673,2.398505687713623,2.095125436782837,-2.769909620285034,-2.0992140769958496,2.399073839187622,2.095360279083252,-2.770479679107666,-0.021173059940338135,0.016939640045166016,0.01847594976425171,-0.020359456539154053,-0.021172314882278442,0.01694224774837494,0.018474087119102478,-0.0203646719455719,-2.046734094619751,2.3780016899108887,2.499312162399292,-2.2830514907836914,-2.046959400177002,2.3781487941741943,2.499565362930298,-2.2831931114196777,-0.021248310804367065,0.016858428716659546,0.02029016613960266,-0.018611550331115723,-0.021249055862426758,0.01685991883277893,0.020292028784751892,-0.018611550331115723
3203,0.06004215900000531,2026-09-21_20-20-10,0.03348530828952789,-0.0487256795167923,0.17093542218208313,-0.19584792852401733,0.17213979363441467,-0.1932481974363327,0.02322477661073208,-0.02354113757610321,-2.539888858795166,2.986053705215454,2.525951623916626,-3.6097874641418457,-2.5397133827209473,2.98595929145813,2.525752305984497,-3.6093385219573975,-0.024552270770072937,0.021797046065330505,0.020997226238250732,-0.025578588247299194,-0.024552829563617706,0.021795183420181274,0.02099759876728058,-0.0255754217505455,-2.513195276260376,2.874779462814331,3.0354092121124268,-2.9399802684783936,-2.513214349746704,2.874772310256958,3.0350730419158936,-2.939631938934326,-0.024736300110816956,0.021281838417053223,0.023261085152626038,-0.022962316870689392,-0.024738535284996033,0.021282397210597992,0.02326183021068573,-0.02296343445777893
3204,0.08006023299999754,2026-09-21_20-20-10,-0.014888601377606392,0.002586858347058296,0.11812948435544968,-0.13037104904651642,0.11931420117616653,-0.12590248882770538,-0.01016654260456562,0.010606711730360985,-2.414919376373291,2.3994221687316895,2.038712501525879,-2.9482336044311523,-2.4144163131713867,2.3984339237213135,2.0388858318328857,-2.94706392288208,-0.0011265277862548828,-0.0017179176211357117,-0.006342027336359024,0.0011554919183254242,-0.0011272728443145752,-0.0017161481082439423,-0.0063398852944374084,0.0011537224054336548,-2.2472403049468994,2.555171012878418,2.525275468826294,-2.4591944217681885,-2.246807336807251,2.5547573566436768,2.5248641967773438,-2.4587156772613525,-0.00048317015171051025,-0.0011937692761421204,-0.004497542977333069,0.003086589276790619,-0.0004822388291358948,-0.0011933036148548126,-0.004498288035392761,0.003086356446146965
3205,0.09998562799999888,2026-09-21_20-20-10,0.03648068755865097,-0.04055643826723099,0.08786123245954514,-0.09439218044281006,0.08829633891582489,-0.09313718229532242,0.04264651983976364,-0.04500915855169296,-2.4840123653411865,2.4288406372070312,2.317305564880371,-2.66884446144104,-2.4838037490844727,2.4283173084259033,2.3172004222869873,-2.6684374809265137,-0.0006601214408874512,-0.003445148468017578,-0.003108009696006775,0.0013124197721481323,-0.0006614252924919128,-0.00344887375831604,-0.0031050294637680054,0.0013159587979316711,-2.2903382778167725,2.631418228149414,2.6288869380950928,-2.3862290382385254,-2.290062427520752,2.630648612976074,2.6286401748657227,-2.38562273979187,0.00010989606380462646,-0.002808123826980591,-0.001960247755050659,0.0023657456040382385,0.00010896474123001099,-0.00280868262052536,-0.0019603408873081207,0.002365466207265854
3206,0.11999422899999956,2026-09-21_20-20-10,0.1444912999868393,-0.1487722098827362,0.12133903056383133,-0.12415993213653564,0.12022731453180313,-0.1252213716506958,0.14462928473949432,-0.1509777009487152,-1.8011703491210938,1.7002968788146973,2.062171697616577,-1.839995265007019,-1.8014497756958008,1.7005912065505981,2.0624806880950928,-1.8403902053833008,-0.004687905311584473,-0.0023484230041503906,0.0022619962692260742,0.001004338264465332,-0.004686415195465088,-0.0023484230041503906,0.0022619962692260742,0.0010047107934951782,-1.6082226037979126,1.9079594612121582,2.1824686527252197,-1.7339287996292114,-1.6082897186279297,1.9080712795257568,2.182520866394043,-1.7340145111083984,-0.0038780272006988525,-0.0016890466213226318,0.002664327621459961,0.00130385160446167,-0.0038780272006988525,-0.0016886740922927856,0.0026632100343704224,0.0013042241334915161
3207,0.13999287800000104,2026-09-21_20-20-10,0.18309806287288666,-0.20333139598369598,0.17752045392990112,-0.19426463544368744,0.1761799156665802,-0.19573819637298584,0.17895294725894928,-0.19914254546165466,-1.2886598110198975,1.459680438041687,1.5079675912857056,-1.6226022243499756,-1.291945457458496,1.462317943572998,1.5128998756408691,-1.6263797283172607,-0.01671314239501953,0.011508911848068237,0.014641135931015015,-0.013891607522964478,-0.01671314239501953,0.011511147022247314,0.014642253518104553,-0.013893470168113708,-1.207120656967163,1.508392333984375,1.7552523612976074,-1.3285353183746338,-1.2101343870162964,1.5114284753799438,1.759692907333374,-1.332897663116455,-0.016500800848007202,0.011660158634185791,0.015754997730255127,-0.012913346290588379,-0.016500800848007202,0.011662021279335022,0.01575574278831482,-0.012913718819618225
3208,0.16004231499999833,2026-09-21_20-20-10,-0.06895411759614944,0.06139759346842766,0.17390184104442596,-0.1979484260082245,0.17475666105747223,-0.19772902131080627,-0.0805264338850975,0.08328914642333984,-2.4439468383789062,2.729501485824585,2.446932554244995,-3.22695255279541,-2.4447011947631836,2.7306227684020996,2.4479141235351562,-3.2285375595092773,-0.07188282907009125,0.06410032510757446,0.07126033306121826,-0.07033329457044601,-0.07188338786363602,0.06409864872694016,0.07126014679670334,-0.07033348083496094,-2.3041329383850098,2.580594062805176,2.7605574131011963,-2.5553905963897705,-2.3049356937408447,2.5814435482025146,2.7615537643432617,-2.5564608573913574,-0.07166489958763123,0.06337650120258331,0.07287133485078812,-0.06762761622667313,-0.07166434079408646,0.0633755698800087,0.0728711485862732,-0.06762687116861343
3209,0.18003065899999626,2026-09-21_20-20-10,-0.1282196342945099,0.1083633303642273,0.0715184286236763,-0.07024017721414566,0.07388416677713394,-0.06118831783533096,-0.12747962772846222,0.1245163083076477,-2.8977766036987305,2.708732843399048,2.245060920715332,-3.5222246646881104,-2.8983707427978516,2.709517240524292,2.2455546855926514,-3.523407220840454,-0.009130686521530151,0.0070601701736450195,-0.0020407140254974365,-0.0075876712799072266,-0.009137392044067383,0.007066503167152405,-0.002033449709415436,-0.007596425712108612,-2.718508005142212,2.9426214694976807,2.846799612045288,-2.910252571105957,-2.719184160232544,2.943450450897217,2.847520589828491,-2.9112658500671387,-0.008404254913330078,0.007779896259307861,7.450580596923828e-06,-0.00509992241859436,-0.008403882384300232,0.007779523730278015,7.636845111846924e-06,-0.005098804831504822
3210,0.20004038100000798,2026-09-21_20-20-10,-0.03910014033317566,0.04779095947742462,-0.008338464424014091,0.013380516320466995,-0.006726833060383797,0.01931442692875862,-0.041125498712062836,0.052528511732816696,-2.432100296020508,2.5129613876342773,2.0735411643981934,-2.6971230506896973,-2.432232618331909,2.513289213180542,2.074322462081909,-2.6975998878479004,-0.012276694178581238,0.008422508835792542,0.00958126038312912,-0.013055093586444855,-0.012275949120521545,0.008422136306762695,0.009578932076692581,-0.013050716370344162,-2.2984778881073,2.7156283855438232,2.5039501190185547,-2.351900339126587,-2.2984368801116943,2.7156434059143066,2.5042760372161865,-2.352165937423706,-0.011625885963439941,0.008824095129966736,0.010798126459121704,-0.011643953621387482,-0.01162644475698471,0.008824467658996582,0.010798685252666473,-0.01164441928267479
3211,0.2199939690000008,2026-09-21_20-20-10,0.2381434291601181,-0.26029935479164124,0.0817936509847641,-0.07165499776601791,0.07640261203050613,-0.07104837894439697,0.22990499436855316,-0.2518828511238098,-1.9211171865463257,1.3651548624038696,3.030836343765259,-1.4584659337997437,-1.9214003086090088,1.3657584190368652,3.031909227371216,-1.4589874744415283,-0.016923248767852783,0.0037461519241333008,0.019302964210510254,-0.006553530693054199,-0.016923248767852783,0.0037439167499542236,0.019302964210510254,-0.0065580010414123535,-1.5263258218765259,1.7832814455032349,2.6540606021881104,-1.8586664199829102,-1.5263556241989136,1.7834155559539795,2.6544480323791504,-1.8588229417800903,-0.015275180339813232,0.005078315734863281,0.017756223678588867,-0.00830143690109253,-0.01527443528175354,0.005077570676803589,0.017753243446350098,-0.008300691843032837
3212,0.24001380400000016,2026-09-21_20-20-10,0.24876002967357635,-0.2888321876525879,0.20449452102184296,-0.21764889359474182,0.2011379599571228,-0.21825602650642395,0.26731571555137634,-0.30341798067092896,-0.3245621621608734,0.8894800543785095,1.0346472263336182,-0.9564607739448547,-0.3250837028026581,0.890102207660675,1.0354965925216675,-0.9570791721343994,-0.05568414926528931,0.05098879337310791,0.057566165924072266,-0.05444735288619995,-0.05568563938140869,0.050990283489227295,0.05756765604019165,-0.05445033311843872,-0.3889053761959076,0.7609277367591858,1.2207627296447754,-0.6896405816078186,-0.3891884982585907,0.7611624598503113,1.2211724519729614,-0.6899460554122925,-0.0569075345993042,0.050961971282958984,0.059604644775390625,-0.05431026220321655,-0.056909024715423584,0.05096420645713806,0.05960389971733093,-0.05431324243545532
3213,0.2600210300000043,2026-09-21_20-20-10,-0.5956220030784607,0.6039741039276123,0.18429619073867798,-0.20148982107639313,0.18870952725410461,-0.20749962329864502,-0.6277312636375427,0.6597779393196106,-3.1022725105285645,3.1721291542053223,2.8593239784240723,-3.4034547805786133,-3.103285789489746,3.1736342906951904,2.8604862689971924,-3.4050493240356445,-0.07987618446350098,0.07033348083496094,0.0758826732635498,-0.07458627223968506,-0.07988810539245605,0.07033795118331909,0.07589757442474365,-0.07459670305252075,-2.8160510063171387,3.0510125160217285,3.0109283924102783,-2.8398630619049072,-2.817094087600708,3.0521600246429443,3.0122249126434326,-2.841129779815674,-0.07804632186889648,0.06867647171020508,0.0757455825805664,-0.07081031799316406,-0.07804930210113525,0.06867647171020508,0.0757455825805664,-0.07081180810928345
3214,0.28002003000000286,2026-09-21_20-20-10,-0.46332645416259766,0.4421013295650482,-0.18917737901210785,0.2080087810754776,-0.17097879946231842,0.2033863067626953,-0.5141505002975464,0.5191998481750488,0.015780329704284668,-0.2691000699996948,-1.5394388437271118,-0.06440281867980957,0.015817582607269287,-0.2689734101295471,-1.5396474599838257,-0.06455928087234497,-0.019343197345733643,0.023762881755828857,0.010235607624053955,-0.03212690353393555,-0.019343197345733643,0.023761391639709473,0.010232627391815186,-0.03212392330169678,-0.043466683477163315,0.1765042394399643,-0.6081163883209229,0.1892596334218979,-0.043407078832387924,0.1765712946653366,-0.6081834435462952,0.1892968863248825,-0.02053678035736084,0.026023387908935547,0.015202164649963379,-0.03196895122528076,-0.020538270473480225,0.026021897792816162,0.015204399824142456,-0.03196448087692261
3215,0.29999090100000103,2026-09-21_20-20-10,0.6787320375442505,-0.7869887351989746,-0.20775799453258514,0.2374926209449768,-0.21116812527179718,0.24155977368354797,0.6328583359718323,-0.7341738939285278,-1.5058516263961792,2.8609631061553955,2.314150333404541,-3.0801591873168945,-1.5060453414916992,2.8613953590393066,2.3144185543060303,-3.080904245376587,-0.0447690486907959,0.04405081272125244,0.05491077899932861,-0.05740523338317871,-0.04478245973587036,0.0440448522567749,0.05491822957992554,-0.05739182233810425,-1.944571614265442,2.583026647567749,2.8939244747161865,-2.739637851715088,-1.9447802305221558,2.5832948684692383,2.894207715988159,-2.740159511566162,-0.04534423351287842,0.042247772216796875,0.055599212646484375,-0.055658817291259766,-0.0453457236289978,0.04224628210067749,0.05560368299484253,-0.05566030740737915
3216,0.3200601470000066,2026-09-21_20-20-10,0.5897719860076904,-0.6166489720344543,-0.20417049527168274,0.28600823879241943,-0.20881310105323792,0.30473530292510986,0.679765522480011,-0.7114229202270508,-1.5819071531295776,3.4456846714019775,2.182602882385254,-2.960890293121338,-1.5819369554519653,3.4465787410736084,2.1824984550476074,-2.9619781970977783,-0.09206235408782959,0.09448826313018799,0.10482966899871826,-0.10731220245361328,-0.09206682443618774,0.09448826313018799,0.10483860969543457,-0.10730773210525513,-2.172917127609253,2.811729669570923,2.7796623706817627,-2.319633960723877,-2.1730661392211914,2.811908483505249,2.7797815799713135,-2.3197977542877197,-0.09709000587463379,0.0932157039642334,0.1105576753616333,-0.10679662227630615,-0.0970885157585144,0.09322613477706909,0.11055618524551392,-0.10681003332138062
3217,0.34003780199999767,2026-09-21_20-20-10,-2.3399269580841064,2.19174861907959,-0.475830078125,0.5604679584503174,-0.4337192177772522,0.5106600522994995,-2.2536492347717285,2.0874271392822266,-1.637816309928894,1.5959738492965698,1.3363360166549683,-1.8804072141647339,-1.6375778913497925,1.595854640007019,1.3360975980758667,-1.8796919584274292,-0.06264448165893555,0.057065486907958984,0.04138946533203125,-0.045108795166015625,-0.06264448165893555,0.05707144737243652,0.04137754440307617,-0.0451207160949707,-1.4684199094772339,1.5268324613571167,1.471042513847351,-1.4166830778121948,-1.4682410955429077,1.5265940427780151,1.4708040952682495,-1.4164446592330933,-0.06053447723388672,0.05437135696411133,0.040078163146972656,-0.039958953857421875,-0.06052851676940918,0.05434155464172363,0.04010200500488281,-0.039958953857421875
3218,0.36002141000000165,2026-09-21_20-20-10,-0.38151246309280396,0.15069742500782013,0.2764859199523926,-0.48989659547805786,0.22581659257411957,-0.3951880931854248,-0.5742018818855286,0.40274518728256226,-1.516237735748291,1.9026695489883423,0.6549581289291382,-2.102792263031006,-1.5164016485214233,1.9030495882034302,0.6551592946052551,-2.102952241897583,-0.04318654537200928,0.043326616287231445,0.04041716456413269,-0.05606114864349365,-0.04318505525588989,0.04333704710006714,0.040415674448013306,-0.05606450140476227,-1.5882103443145752,1.977532982826233,1.1405571699142456,-1.8715559244155884,-1.588329553604126,1.9778087139129639,1.1405832767486572,-1.87179434299469,-0.045013427734375,0.04437565803527832,0.04490166902542114,-0.05657225847244263,-0.04501566290855408,0.0443778932094574,0.04490464925765991,-0.05658455193042755
3219,0.3800618860000071,2026-09-21_20-20-10,1.753805160522461,-1.9336308240890503,0.17871041595935822,-0.04981610178947449,0.17821399867534637,-0.07159824669361115,1.4213955402374268,-1.617321252822876,-1.6037224531173706,1.8151997327804565,1.950919508934021,-1.8210409879684448,-1.6035138368606567,1.8151699304580688,1.9508599042892456,-1.8205045461654663,-0.04354119300842285,0.03688335418701172,0.05654096603393555,-0.05213022232055664,-0.0435560941696167,0.03688633441925049,0.056543946266174316,-0.05213320255279541,-1.5780924558639526,1.951992392539978,2.0946264266967773,-1.861512541770935,-1.5781818628311157,1.951992392539978,2.094358205795288,-1.8614529371261597,-0.04221200942993164,0.03580451011657715,0.055599212646484375,-0.05056262016296387,-0.04220008850097656,0.03581047058105469,0.055593252182006836,-0.05055069923400879
3220,0.4000317650000085,2026-09-21_20-20-10,-2.8858933448791504,2.6256256103515625,-1.547123908996582,1.6146376132965088,-1.5566463470458984,1.6433297395706177,-2.4706971645355225,2.0846056938171387,-0.2512931823730469,0.5652904510498047,-0.21100042760372162,-0.8378028273582458,-0.25147199630737305,0.5649924278259277,-0.21147726476192474,-0.8375644087791443,-0.05391836166381836,0.05404949188232422,0.03273487091064453,-0.040411949157714844,-0.053942203521728516,0.05405545234680176,0.03272294998168945,-0.04042387008666992,-0.3397464454174042,0.43964383006095886,0.3046989440917969,-0.21648405492305756,-0.3395080268383026,0.43958422541618347,0.30481815338134766,-0.2161264270544052,-0.05612373352050781,0.054574012756347656,0.03707408905029297,-0.03952980041503906,-0.056111812591552734,0.054574012756347656,0.037038326263427734,-0.03952980041503906
3221,0.4200608800000083,2026-09-21_20-20-10,-2.2542009353637695,1.958227515220642,0.05486821383237839,-0.17167949676513672,-0.0072553399950265884,-0.12130019068717957,-2.1887331008911133,1.7599319219589233,0.04208087548613548,-0.3402232825756073,-1.1397004127502441,0.04100799188017845,0.04202127084136009,-0.3401040732860565,-1.1394321918487549,0.0413358174264431,-0.06666183471679688,0.0664830207824707,0.06077885627746582,-0.07777214050292969,-0.06666183471679688,0.06650686264038086,0.06077587604522705,-0.07778704166412354,0.239133819937706,-0.22935865819454193,-0.8808969855308533,0.220060333609581,0.2390146106481552,-0.22912023961544037,-0.8808373808860779,0.22020934522151947,-0.06576776504516602,0.06681680679321289,0.062084197998046875,-0.07721781730651855,-0.06576180458068848,0.06681680679321289,0.062081217765808105,-0.07720589637756348
3222,0.44004672799999867,2026-09-21_20-20-10,1.212273120880127,-1.6663795709609985,-0.18718181550502777,0.06585198640823364,-0.17159591615200043,0.058519065380096436,1.0358816385269165,-1.4798533916473389,-1.9322632551193237,2.305150032043457,1.7949341535568237,-2.3702383041381836,-1.9322036504745483,2.3050904273986816,1.7949937582015991,-2.370089292526245,-0.04750490188598633,0.04732012748718262,0.060367584228515625,-0.06309151649475098,-0.047519803047180176,0.04730820655822754,0.06040036678314209,-0.06308853626251221,-2.1767020225524902,2.441108226776123,2.193450927734375,-2.4091005325317383,-2.176642417907715,2.440840005874634,2.193152904510498,-2.408832311630249,-0.04814863204956055,0.04744529724121094,0.061327219009399414,-0.06301403045654297,-0.048160552978515625,0.04744827747344971,0.06133913993835449,-0.06302297115325928
3223,0.46003427099999783,2026-09-21_20-20-10,0.289199560880661,-0.3320235311985016,-1.685624122619629,1.8476967811584473,-1.6320416927337646,1.750290036201477,0.39451566338539124,-0.46818774938583374,-2.465754747390747,2.537429094314575,3.3800153732299805,-2.5315134525299072,-2.4657397270202637,2.537287712097168,3.379866361618042,-2.5313942432403564,-0.11616349220275879,0.1125037670135498,0.13497769832611084,-0.12960880994796753,-0.11615455150604248,0.1125134527683258,0.13495683670043945,-0.12960806488990784,-2.57900333404541,2.41205096244812,3.4328696727752686,-2.5274453163146973,-2.578995943069458,2.4120731353759766,3.4327356815338135,-2.5274901390075684,-0.11690109968185425,0.11226385831832886,0.13517886400222778,-0.1297980546951294,-0.11690184473991394,0.1122497022151947,0.13519078493118286,-0.129786878824234
3224,0.48006505099999686,2026-09-21_20-20-10,-3.9901227951049805,3.7336325645446777,-1.0420376062393188,1.1554465293884277,-1.0493873357772827,1.1711971759796143,-3.5414397716522217,3.061328411102295,-0.7895230650901794,0.8685588240623474,0.5488395690917969,-1.1074542999267578,-0.7892846465110779,0.8684396147727966,0.5489587783813477,-1.1074542999267578,-0.05983114242553711,0.05289316177368164,0.04127025604248047,-0.03933906555175781,-0.059860944747924805,0.05289316177368164,0.04127025604248047,-0.03936290740966797,-0.6767510771751404,0.8130072951316833,0.6887912154197693,-0.8468627333641052,-0.676393449306488,0.8130668997764587,0.6885527968406677,-0.8472203612327576,-0.05720853805541992,0.053179264068603516,0.04036426544189453,-0.039076805114746094,-0.057220458984375,0.05317330360412598,0.04037618637084961,-0.03911256790161133
3225,0.5000307050000004,2026-09-21_20-20-10,-0.7860428094863892,0.4237901568412781,0.1873714178800583,-0.8620810508728027,0.1630176156759262,-0.9044145345687866,-1.1772608757019043,0.6476224660873413,-1.6500650644302368,0.9368359446525574,1.917660117149353,-1.6199945211410522,-1.6500352621078491,0.9369253516197205,1.9176452159881592,-1.6200169324874878,-0.03742575645446777,0.030469894409179688,0.03151297569274902,-0.03642439842224121,-0.03743171691894531,0.030487775802612305,0.03152042627334595,-0.036428868770599365,-1.578748106956482,1.119554042816162,2.0905137062072754,-1.6514359712600708,-1.5788673162460327,1.1195093393325806,2.0905954837799072,-1.6513540744781494,-0.03815293312072754,0.03231167793273926,0.03373473882675171,-0.03869831562042236,-0.03814995288848877,0.032323598861694336,0.033730268478393555,-0.038692355155944824
3226,0.5200696769999951,2026-09-21_20-20-10,1.064908742904663,-1.3284287452697754,-0.261207640171051,0.46025726199150085,-0.2486853152513504,0.3449113368988037,0.555488109588623,-0.7947201132774353,-1.976847529411316,1.7010568380355835,2.6901957988739014,-1.9006727933883667,-1.977026343345642,1.7012356519699097,2.690434217453003,-1.900732398033142,-0.03699660301208496,0.02930760383605957,0.045996904373168945,-0.03982186317443848,-0.03698766231536865,0.029295682907104492,0.04598796367645264,-0.03980696201324463,-1.957177996635437,1.723885416984558,2.688288450241089,-1.898288607597351,-1.9572376012802124,1.723885416984558,2.688288450241089,-1.898497223854065,-0.03553628921508789,0.02815723419189453,0.04445910453796387,-0.038498640060424805,-0.03553330898284912,0.02816915512084961,0.04445314407348633,-0.03848671913146973
3227,0.5400708859999952,2026-09-21_20-20-10,-2.1130964756011963,1.843015432357788,-0.7994719743728638,0.7349361181259155,-0.7466418743133545,0.6226282119750977,-1.539810299873352,1.3944367170333862,-1.053452491760254,0.5650520324707031,2.1314620971679688,-1.247406005859375,-1.0535717010498047,0.5652308464050293,2.1316707134246826,-1.2473464012145996,-0.05952119827270508,0.05939006805419922,0.04565715789794922,-0.04678964614868164,-0.05950927734375,0.059354305267333984,0.04566609859466553,-0.04678666591644287,-0.877499520778656,0.5910396575927734,1.8360017538070679,-1.3508795499801636,-0.8776783347129822,0.5911588668823242,1.8362103700637817,-1.3507901430130005,-0.061511993408203125,0.05949735641479492,0.047338008880615234,-0.04679560661315918,-0.061511993408203125,0.05951523780822754,0.04732310771942139,-0.046819448471069336
3228,0.5600694390000029,2026-09-21_20-20-10,-1.0786542892456055,1.369721531867981,0.011250147596001625,0.03630997985601425,0.03739446401596069,-0.14422959089279175,-1.1387083530426025,1.2123059034347534,0.22280214726924896,-0.624537467956543,-1.0030269622802734,0.7332562804222107,0.2232193797826767,-0.624626874923706,-1.0032355785369873,0.7335245013237,-0.06566047668457031,0.07308721542358398,0.059342384338378906,-0.07697939872741699,-0.06564557552337646,0.07308721542358398,0.05932748317718506,-0.0769883394241333,0.33110377192497253,-0.6025433540344238,-0.7352232336997986,0.8732079863548279,0.3311633765697479,-0.6025731563568115,-0.7354020476341248,0.8732377886772156,-0.06548166275024414,0.07306933403015137,0.060498714447021484,-0.07647275924682617,-0.06547272205352783,0.07305741310119629,0.0604778528213501,-0.07645487785339355
