row_index,relative_bag_time_s,model,baseline.right_hip_target_rad,baseline.left_hip_target_rad,freeze_current_hip.right_hip_target_rad,freeze_current_hip.left_hip_target_rad,freeze_all_history_hip.right_hip_target_rad,freeze_all_history_hip.left_hip_target_rad,zero_velocity_code.right_hip_target_rad,zero_velocity_code.left_hip_target_rad,full_model_current_q.dtarget0_dinput0,full_model_current_q.dtarget0_dinput1,full_model_current_q.dtarget1_dinput0,full_model_current_q.dtarget1_dinput1,full_model_current_dq.dtarget0_dinput0,full_model_current_dq.dtarget0_dinput1,full_model_current_dq.dtarget1_dinput0,full_model_current_dq.dtarget1_dinput1,actor_direct_q.dtarget0_dinput0,actor_direct_q.dtarget0_dinput1,actor_direct_q.dtarget1_dinput0,actor_direct_q.dtarget1_dinput1,actor_direct_dq.dtarget0_dinput0,actor_direct_dq.dtarget0_dinput1,actor_direct_dq.dtarget1_dinput0,actor_direct_dq.dtarget1_dinput1,recorded.right_hip_target_rad,recorded.left_hip_target_rad
3200,0.0,old,0.11507157981395721,-0.09568434953689575,0.11507158,-0.09568435,0.11507158,-0.09568435,0.122368984,-0.1046199,-1.9873528,2.0951142,1.150582,-1.816187,-0.008971244,0.01344569,0.008218735,-0.01513809,-1.8699355,2.1722689,1.5202425,-1.3652294,-0.008705631,0.013520196,0.0095214695,-0.013745949,0.11503993719816208,-0.09573007375001907
3201,0.019988376000000585,old,0.20518797636032104,-0.1835414469242096,0.2051142,-0.18347213,0.20511696,-0.18345457,0.20688006,-0.18579982,-2.4994535,2.564892,1.7904117,-2.3533626,-0.0037252903,0.005786121,0.0018768013,-0.007086247,-2.3726373,2.6692076,2.1421611,-1.9485279,-0.0032916665,0.006019324,0.0035323203,-0.00564754,0.20515753328800201,-0.18366143107414246
3202,0.039999250000008146,old,0.1868099570274353,-0.18155845999717712,0.25033128,-0.23534779,0.25094214,-0.23444836,0.18187754,-0.17543486,-3.2980068,3.2171903,2.606809,-3.091715,-0.010825694,0.011716783,0.008619577,-0.013038516,-3.1229033,3.3418014,2.9166338,-2.6962085,-0.010257214,0.012038648,0.009901077,-0.011672825,0.186771959066391,-0.1816139817237854
3203,0.06004215900000531,old,0.044540680944919586,-0.05316963791847229,0.24706538,-0.23252268,0.24864395,-0.23167555,0.025103545,-0.033930354,-5.1601825,4.6822352,4.37345,-4.7769136,-0.037062168,0.034201145,0.03379844,-0.03642738,-4.7427673,4.961267,4.5451484,-4.4157095,-0.036019087,0.034984946,0.034498423,-0.035223365,0.044458597898483276,-0.053189024329185486
3204,0.08006023299999754,old,-0.0063651083037257195,0.001301286742091179,0.17358653,-0.15350331,0.17531444,-0.15305929,-0.007416744,-0.0033296049,-2.658842,2.4927943,1.9566984,-2.7370377,0.00060866587,0.0008075498,-0.002482999,-0.002898369,-2.4471612,2.718335,2.341302,-2.2893114,0.0011828495,0.001506228,-0.0013547018,-0.001535099,-0.006389151327311993,0.0012580882757902145
3205,0.09998562799999888,old,0.0544922798871994,-0.038609281182289124,0.13313842,-0.10829909,0.13333769,-0.10854374,0.050236605,-0.046787396,-3.5168452,3.3010838,2.8295665,-3.2006576,0.0015407801,-0.0006515533,-0.0034026802,-0.0007983297,-3.2670832,3.5520902,3.0846295,-2.9157884,0.0026203692,0.00031515956,-0.0023566186,9.313226e-05,0.05447594076395035,-0.038630492985248566
3206,0.11999422899999956,old,0.21712544560432434,-0.18109078705310822,0.17322238,-0.14119269,0.1705678,-0.1427976,0.20499533,-0.18070024,-3.2558515,2.9261856,2.8005166,-2.658315,-0.009072572,0.00731349,0.007262826,-0.008698553,-2.9494984,3.186591,2.8980298,-2.5120451,-0.0073693693,0.008393824,0.007888675,-0.008181483,0.21711896359920502,-0.18109281361103058
3207,0.13999287800000104,old,0.2427687644958496,-0.21478238701820374,0.24251622,-0.21607436,0.24066469,-0.21839193,0.23897022,-0.21641633,-0.91497594,1.3279765,0.37089732,-1.0207965,-0.015672296,0.020373613,0.012835115,-0.020360947,-0.950545,1.226224,0.81865484,-0.49357113,-0.016392022,0.01963377,0.015863776,-0.017993152,0.242758110165596,-0.21478402614593506
3208,0.16004231499999833,old,-0.043029554188251495,0.0326467789709568,0.24358757,-0.22799864,0.24473858,-0.22809303,-0.0450638,0.039960146,-4.621066,4.397843,4.026016,-4.5801473,-0.046293437,0.044040382,0.044112466,-0.046968833,-4.2624288,4.5437775,4.2195654,-4.122909,-0.045491382,0.044267625,0.044908002,-0.04544556,-0.04303686320781708,0.032644372433423996
3209,0.18003065899999626,old,-0.14175039529800415,0.13182953000068665,0.1024594,-0.07529227,0.10501638,-0.07184468,-0.138743,0.13646819,-4.29485,4.088573,3.3365338,-4.6385303,-0.015524775,0.018122792,0.013388693,-0.023113936,-4.024245,4.4040527,3.8161573,-4.0531826,-0.01501441,0.018948317,0.014319271,-0.021605194,-0.1417541205883026,0.1318233162164688
3210,0.20004038100000798,old,-0.01693669706583023,0.04836646467447281,0.018821334,0.014210622,0.02126863,0.018148355,-0.016868297,0.044500798,-4.2715435,4.3838573,3.6292949,-4.1819863,-0.012275018,0.015384704,0.010315701,-0.015775114,-4.112306,4.5714064,3.9220524,-3.8646421,-0.011615362,0.015993044,0.011280552,-0.014852546,-0.016936665400862694,0.04836641997098923
3211,0.2199939690000008,old,0.3890201449394226,-0.3419416844844818,0.123419665,-0.079854816,0.11345541,-0.077556916,0.38222733,-0.34206745,-2.2063403,1.6219764,2.4304986,-1.443222,-0.049474835,0.039690733,0.047266483,-0.04080385,-1.7823129,2.0622015,2.2570043,-1.6222893,-0.04553497,0.04196763,0.04543066,-0.041884184,0.3890201449394226,-0.3419416844844818
3212,0.24001380400000016,old,0.26685449481010437,-0.26048752665519714,0.2422795,-0.22391082,0.24020351,-0.22748832,0.2979928,-0.2821587,-0.5854964,0.27169287,1.3671069,-0.27675927,-0.035248697,0.033468008,0.03579706,-0.031101704,-0.36068258,0.5104244,1.1598766,-0.42720136,-0.03390014,0.034108758,0.034236908,-0.03169775,0.266854465007782,-0.2604875862598419
3213,0.2600210300000043,old,-0.5229328870773315,0.5236502289772034,0.25555027,-0.23178518,0.25889647,-0.2347794,-0.55351347,0.5621067,-4.7586856,5.5857,4.6005545,-6.035894,-0.06250441,0.067442656,0.060540438,-0.06881654,-4.67515,5.4064093,4.919529,-5.424231,-0.062423944,0.06681979,0.0610739,-0.067064166,-0.5229329466819763,0.5236502885818481
3214,0.28002003000000286,old,-0.5232477188110352,0.48709356784820557,-0.052482918,0.114264905,-0.052277625,0.11477805,-0.57705206,0.5539634,0.8579194,-1.6624032,-2.8859375,1.5836059,-0.052011013,0.058543682,0.051666796,-0.07017106,0.855714,-1.1242926,-2.05186,1.919329,-0.052440166,0.059252977,0.052012503,-0.06969869,-0.5232478976249695,0.4870936870574951
3215,0.29999090100000103,old,0.9968379139900208,-0.9235548377037048,-0.1256838,0.1608253,-0.11650215,0.1649431,0.980946,-0.9294731,-2.0605624,2.390027,1.8874406,-2.5752184,-0.044745207,0.04428625,0.041756034,-0.04954636,-2.0448565,2.4713278,2.334714,-2.139151,-0.044453144,0.044566393,0.044104457,-0.04788637,0.9968380331993103,-0.9235549569129944
3216,0.3200601470000066,old,0.7694901823997498,-0.8116780519485474,0.0058314,-0.030191729,-0.03761878,0.0046878336,0.790039,-0.8134576,-1.5238224,1.0480881,1.8630325,-0.89195365,-0.04826486,0.03489256,0.044092536,-0.032749772,-1.1403561,1.4612674,1.634091,-1.1186004,-0.043076277,0.03734827,0.040990114,-0.034207106,0.769490122795105,-0.8116779327392578
3217,0.34003780199999767,old,-2.036475896835327,2.06663179397583,-0.15001291,0.11767869,-0.12240791,0.094691016,-1.9431624,1.9600066,-0.64301485,1.3303756,0.27489662,-1.990199,-0.06672144,0.07867813,0.074374676,-0.094640255,-0.89943403,1.3711451,1.0646582,-1.5921592,-0.06771088,0.07816553,0.07610321,-0.09293556,-2.0364761352539062,2.06663179397583
3218,0.36002141000000165,old,0.053761258721351624,-0.17245806753635406,0.68101436,-0.67994744,0.7000294,-0.6853415,-0.046289377,0.00267368,-2.0174272,1.5564411,0.8646622,-1.6071274,-0.05156137,0.049789622,0.04260242,-0.04907623,-1.9796526,1.6381367,1.1679306,-1.3807788,-0.05245991,0.049667433,0.04268959,-0.049720705,0.0537613108754158,-0.17245826125144958
3219,0.3800618860000071,old,1.8596704006195068,-1.7085479497909546,0.1893618,-0.14117137,0.17837195,-0.14394121,1.7609318,-1.7138227,-2.8419492,3.414571,2.472639,-3.4326313,-0.03657341,0.03373623,0.027352571,-0.040870905,-2.9104946,3.4542081,3.1561253,-2.9624102,-0.03683567,0.034081936,0.03580451,-0.037300587,1.8596700429916382,-1.7085477113723755
3220,0.4000317650000085,old,-2.160011053085327,1.9862862825393677,-0.66985184,0.4760315,-0.64710784,0.45953315,-1.9273776,1.6937721,-3.4890172,3.570318,4.1525364,-4.01479,-0.058817863,0.05390644,0.059956312,-0.057774782,-3.0448434,3.8449762,3.7972329,-4.2116046,-0.05480051,0.054991245,0.057327747,-0.05810857,-2.160010576248169,1.9862860441207886
3221,0.4200608800000083,old,-2.5542705059051514,2.409405469894409,0.39556745,-0.24142908,0.41731155,-0.29074013,-2.8160143,2.6253288,-1.2043715,0.9577274,0.32734868,-1.7170905,-0.074350834,0.0762701,0.07739067,-0.08631945,-1.2536049,1.0426044,0.924468,-1.3061761,-0.07557869,0.07640123,0.07703304,-0.086569786,-2.5542707443237305,2.409405469894409
3222,0.44004672799999867,old,1.8843482732772827,-2.108520030975342,0.34405765,-0.48744646,0.35526496,-0.4576517,1.5546557,-1.6839947,-3.147125,3.5091636,1.9978284,-3.0637977,-0.060772896,0.058311224,0.060725212,-0.06635189,-3.3352969,3.5114286,2.531409,-2.7804372,-0.061655045,0.058197975,0.061511993,-0.066661835,1.8843481540679932,-2.1085197925567627
3223,0.46003427099999783,old,1.1956584453582764,-1.3978363275527954,-0.9453996,0.98934954,-0.75914395,0.6403757,1.0284071,-1.309926,-3.3425686,2.5551913,3.5942194,-2.1631122,-0.0472188,0.033140182,0.04374981,-0.032651424,-2.8750894,3.0008552,3.1273363,-2.530038,-0.04094243,0.03646612,0.03824234,-0.035226345,1.1956583261489868,-1.3978362083435059
3224,0.48006505099999686,old,-3.372565984725952,3.678147077560425,-0.3267291,0.28778842,-0.37661514,0.30811533,-3.2582705,3.5361397,0.37145612,0.7411241,-0.8063316,-0.9026527,-0.054097176,0.06752014,0.05298853,-0.07530451,-0.3105402,0.5940199,0.16522406,-0.5774498,-0.059735775,0.06620884,0.060129166,-0.073480606,-3.3725662231445312,3.678147315979004
3225,0.5000307050000004,old,0.19539611041545868,-0.29718446731567383,1.1206169,-1.2114755,1.1507014,-1.3953358,-0.65029377,0.46123934,-1.5265121,1.157917,0.5685538,-1.0046363,-0.04126653,0.03694594,0.04594922,-0.049600005,-1.4495476,1.2226552,0.7498264,-0.8604079,-0.0425227,0.037124753,0.047180057,-0.050485134,0.19539611041545868,-0.2971842586994171
3226,0.5200696769999951,old,0.9664124846458435,-0.9912894368171692,0.10933188,0.04909145,-0.0781424,0.010275891,0.6668636,-0.86961985,-2.9985902,2.6522276,3.1697152,-3.4046767,-0.038671494,0.029084086,0.037288666,-0.04196763,-2.8577743,2.839863,3.5711524,-3.1185744,-0.034847856,0.03141761,0.040489435,-0.04155636,0.9664124250411987,-0.9912896752357483
3227,0.5400708859999952,old,-1.280519962310791,1.6669819355010986,-0.009545058,0.31733578,-0.047664262,0.29782796,-1.3433475,1.3187871,-4.7151446,4.4030547,6.087422,-6.143927,-0.06707311,0.053673983,0.05799532,-0.059235096,-4.163027,4.6747327,5.9208865,-6.119072,-0.058984756,0.056689978,0.057291985,-0.058811903,-1.2805202007293701,1.6669824123382568
3228,0.5600694390000029,old,-2.0225915908813477,2.3205349445343018,-0.0069272546,0.13190575,-0.013270018,0.06494883,-2.1945765,2.3504224,-0.70095056,-0.18417834,-0.95236295,-0.21922587,-0.069749355,0.073325634,0.071811676,-0.08689165,-0.7152557,0.20325182,-0.11122226,0.06520748,-0.07419586,0.07110834,0.07523298,-0.085270405,-2.022592067718506,2.320535659790039
3200,0.0,new,0.04918696731328964,-0.0736444890499115,0.049186967,-0.07364449,0.049186967,-0.07364449,0.0535442,-0.07652331,-2.2880583,2.2916756,1.9370875,-1.7496831,-0.00596419,0.0039979815,0.0022690743,-0.0020325184,-2.0766816,2.390653,1.9719675,-1.6513466,-0.0057008117,0.004440546,0.002509728,-0.0020030886,0.11503993719816208,-0.09573007375001907
3201,0.019988376000000585,new,0.10034988820552826,-0.116634801030159,0.100311294,-0.116623744,0.10031869,-0.11662404,0.09843743,-0.11650786,-2.751082,2.596911,2.2918208,-2.029568,-0.0054430217,0.0025562942,0.0014849007,-0.00087469816,-2.4682357,2.778407,2.301246,-1.98365,-0.004855916,0.003164634,0.0015929341,-0.00090673566,0.20515753328800201,-0.18366143107414246
3202,0.039999250000008146,new,0.0814858227968216,-0.10116485506296158,0.13336317,-0.1412758,0.1352384,-0.14135389,0.07351756,-0.098302625,-2.1196527,2.3483446,1.5109814,-1.7368569,-0.0073540956,0.0076238066,0.0032685697,-0.0059690326,-1.9854679,2.383299,1.7103925,-1.5335269,-0.0071927905,0.0078342855,0.0039704144,-0.005581975,0.186771959066391,-0.1816139817237854
3203,0.06004215900000531,new,0.02657829038798809,-0.05432705581188202,0.1350399,-0.139556,0.13939308,-0.1395599,0.018962534,-0.048110828,-1.3953074,1.3387705,1.1354908,-1.2703984,-0.011144765,0.010280497,0.006539002,-0.009320304,-1.1974275,1.4343746,1.304306,-1.0833404,-0.010798126,0.010653585,0.0071160495,-0.008993596,0.044458597898483276,-0.053189024329185486
3204,0.08006023299999754,new,-0.0065978532657027245,-0.012304043397307396,0.093664594,-0.098661266,0.09872177,-0.09815275,-0.010796329,-0.009699862,-1.1689756,0.9399319,0.91838926,-1.0178107,-0.0011279248,-0.0008619856,-0.0040889718,0.0016370788,-0.9167685,1.1111748,1.0955389,-0.85064113,-0.00057255384,-0.00037879217,-0.003600493,0.0019845553,-0.006389151327311993,0.0012580882757902145
3205,0.09998562799999888,new,0.01783783733844757,-0.029360955581068993,0.069661535,-0.07599774,0.07144968,-0.07551772,0.015812557,-0.031831168,-1.9874879,1.9992496,1.6607753,-1.6338973,-0.0009215437,3.9022416e-05,-0.002658926,0.0010348856,-1.8074809,2.1094818,1.7909817,-1.5136971,-0.0004879199,0.00030593947,-0.0022381544,0.001222454,0.05447594076395035,-0.038630492985248566
3206,0.11999422899999956,new,0.13587026298046112,-0.1296858936548233,0.09197781,-0.093124315,0.087233216,-0.091087446,0.12196107,-0.1237002,-3.556855,2.828568,3.2887383,-2.352096,-0.008935481,0.0026375055,0.0054851174,-0.0012204051,-3.048405,3.2124443,3.037937,-2.5241225,-0.007212162,0.0033669174,0.0046163797,-0.0016450882,0.21711896359920502,-0.18109281361103058
3207,0.13999287800000104,new,0.16341029107570648,-0.15525077283382416,0.14649336,-0.13776976,0.13986164,-0.13501199,0.14625087,-0.14796354,-3.093764,2.6295407,2.8927324,-2.2372677,-0.01335144,0.009118021,0.009591132,-0.007452816,-2.6804206,2.9065533,2.7380211,-2.311997,-0.012123585,0.009770691,0.009194016,-0.007776916,0.242758110165596,-0.21478402614593506
3208,0.16004231499999833,new,-0.017846032977104187,-0.009472904726862907,0.1450813,-0.14136457,0.14497805,-0.14062227,-0.024823902,-0.004031591,-1.7896816,1.5796617,1.4018165,-1.475037,-0.052319467,0.05125897,0.043142866,-0.045772735,-1.4752251,1.6955788,1.4697657,-1.2833624,-0.05196957,0.051905587,0.043717213,-0.045674387,-0.04303686320781708,0.032644372433423996
3209,0.18003065899999626,new,-0.12526659667491913,0.02366790920495987,0.057242304,-0.06240157,0.060439035,-0.059021898,-0.08807381,0.040916204,-7.4790115,3.106553,0.82217526,-2.6126857,-0.017178804,-0.0054888427,-0.0032853335,-0.00669444,-5.6299005,4.8755407,1.5974827,-1.8144361,-0.013710558,-0.0006429851,-0.0016883016,-0.004701782,-0.1417541205883026,0.1318233162164688
3210,0.20004038100000798,new,-0.0012970007956027985,-0.003333060070872307,0.006285973,-0.019914744,0.0076931696,-0.015961578,0.0016882457,-0.004355494,-2.1321023,2.9326766,1.5486375,-2.2801661,-0.02657189,0.030124746,0.019685552,-0.02560746,-2.2450569,3.0300121,1.9504697,-2.0944307,-0.0264748,0.029830262,0.020330586,-0.024788827,-0.016936665400862694,0.04836641997098923
3211,0.2199939690000008,new,0.30821579694747925,-0.28891927003860474,0.06046596,-0.06979166,0.04474558,-0.060996495,0.2844126,-0.27290082,-2.702996,1.0960698,2.9852538,-1.1327267,-0.0293985,0.017759204,0.024615228,-0.0146359205,-1.8510519,1.797214,2.3376644,-1.5978216,-0.02580434,0.018808246,0.021979213,-0.01552254,0.3890201449394226,-0.3419416844844818
3212,0.24001380400000016,new,0.3452572822570801,-0.3277612030506134,0.20183201,-0.18615322,0.18376346,-0.17636743,0.3242836,-0.31901163,-1.8529295,1.6283541,2.1059065,-1.5821903,-0.049473345,0.048282743,0.044746697,-0.044485927,-1.6168504,1.7786919,2.0463169,-1.5578269,-0.048561394,0.048559904,0.044712424,-0.044597685,0.266854465007782,-0.2604875862598419
3213,0.2600210300000043,new,-0.49613475799560547,0.43229350447654724,0.17262958,-0.15128164,0.17161219,-0.15223041,-0.53237104,0.47452837,-4.8764195,4.680246,4.825219,-6.265476,-0.080133975,0.078615546,0.06976873,-0.07832348,-4.486635,4.7328916,5.2860527,-5.5072303,-0.07985979,0.07953644,0.07122606,-0.07698834,-0.5229329466819763,0.5236502885818481
3214,0.28002003000000286,new,-0.37621989846229553,0.31266993284225464,-0.079870075,0.09600334,-0.080612704,0.09622043,-0.40671816,0.32698464,-0.3367513,-0.8397698,-0.17681716,-0.45539436,-0.03632456,0.03234297,0.014258921,-0.02156049,0.06723404,-0.12654066,0.2310872,-0.23162363,-0.03735423,0.034700334,0.01462549,-0.020612776,-0.5232478976249695,0.4870936870574951
3215,0.29999090100000103,new,0.7911970019340515,-0.7559302449226379,-0.08353658,0.08179192,-0.077527404,0.084182896,0.7320439,-0.7322307,-1.6649364,2.266556,1.9111334,-2.0567179,-0.038579106,0.039240718,0.036937,-0.03813505,-1.8227993,2.3109615,2.106756,-1.9459127,-0.038143992,0.03886521,0.037151575,-0.03774166,0.9968380331993103,-0.9235549569129944
3216,0.3200601470000066,new,0.8820237517356873,-0.807991087436676,0.09217938,-0.09179935,0.08104248,-0.07821449,0.8698262,-0.8141785,-0.95224375,1.15031,1.3683437,-1.5170573,-0.046107173,0.04673302,0.038534403,-0.041255355,-0.96902245,1.155436,1.6002654,-1.2788175,-0.045776367,0.04646182,0.039976835,-0.040853024,0.769490122795105,-0.8116779327392578
3217,0.34003780199999767,new,-2.237558364868164,2.0194954872131348,-0.08850529,0.08822853,-0.08896842,0.092139885,-2.2495825,2.0300438,-4.464984,-0.27644634,1.9207,-4.503846,-0.08175373,0.057399273,0.06519556,-0.08113384,-2.7951,1.9196271,2.7627943,-3.1018255,-0.078213215,0.066781044,0.06700754,-0.07586479,-2.0364761352539062,2.06663179397583
3218,0.36002141000000165,new,0.25344371795654297,-0.20832383632659912,0.38527298,-0.22640674,0.39079994,-0.22256905,0.12176475,-0.098879434,-0.75314933,0.83921844,-0.057734545,0.11365115,-0.046804547,0.046515465,0.047554076,-0.050961226,-0.7307976,0.8694976,-0.040508803,0.119775526,-0.04722774,0.046741962,0.048100203,-0.051105767,0.0537613108754158,-0.17245826125144958
3219,0.3800618860000071,new,1.8938705921173096,-1.6301640272140503,0.100937225,0.0010055006,0.094712205,-0.00047444925,1.6250429,-1.4875814,-2.3424625,2.9556153,2.231419,-2.6980636,-0.030058622,0.03131628,0.026965141,-0.030511618,-2.4635792,2.9641387,2.5148985,-2.551019,-0.030648708,0.03117919,0.028413534,-0.030255318,1.8596700429916382,-1.7085477113723755
3220,0.4000317650000085,new,-2.0125372409820557,1.7075262069702148,-0.5987745,0.5042014,-0.623762,0.5207454,-1.8916562,1.5763289,-1.5224217,0.92530245,1.5234946,-1.4704465,-0.063598156,0.056111813,0.04939437,-0.05081296,-1.0066032,1.1246204,1.5075802,-1.222372,-0.06068945,0.05671978,0.049948692,-0.051009655,-2.160010576248169,1.9862860441207886
3221,0.4200608800000083,new,-1.5286074876785278,1.7463277578353882,0.22048871,-0.05821798,0.15632792,-0.047414154,-1.4660957,1.5354701,-0.88566536,0.4122257,0.45490262,-0.53203106,-0.073093176,0.07247925,0.066274405,-0.074607134,-0.61678886,0.4073381,0.4149675,-0.42045113,-0.07297993,0.07368326,0.064873695,-0.07408857,-2.5542707443237305,2.409405469894409
3222,0.44004672799999867,new,1.5575249195098877,-1.5391284227371216,0.36193272,-0.30488425,0.40995356,-0.2935831,1.1388441,-1.263904,-0.98681444,1.4073251,0.675857,-0.8191466,-0.0390172,0.04259348,0.037300587,-0.045359135,-1.0843277,1.5456079,0.8384585,-0.8118152,-0.040209293,0.042539835,0.038141012,-0.044846535,1.8843481540679932,-2.1085197925567627
3223,0.46003427099999783,new,1.2485706806182861,-0.9904573559761047,-0.44933632,0.53939354,-0.5480924,0.5288799,1.0681682,-1.0597669,-0.8091926,1.6844867,1.0644197,-1.9201635,-0.061631203,0.06625056,0.051611662,-0.059568882,-1.1219382,1.5221833,1.5987753,-1.5177726,-0.062066317,0.064986944,0.053977966,-0.05839467,1.1956583261489868,-1.3978362083435059
3224,0.48006505099999686,new,-3.252887010574341,3.412743330001831,-0.57511485,0.4991966,-0.58093673,0.47958878,-3.266921,3.2761965,-0.6427764,0.29814243,0.25057793,-0.79584116,-0.062203407,0.052809715,0.06356239,-0.067043304,-0.43618676,0.36132333,0.45299527,-0.52404404,-0.06006956,0.05310774,0.06517172,-0.06715059,-3.3725662231445312,3.678147315979004
3225,0.5000307050000004,new,0.5269827246665955,-0.45705950260162354,0.65360194,-0.3686111,0.7315563,-0.4381858,0.3449807,-0.29602504,-0.48258898,0.47856566,0.058606263,0.0060945745,-0.035488605,0.035202503,0.041487813,-0.044831634,-0.441879,0.4559457,0.07227063,0.023871658,-0.035709143,0.03514588,0.04170239,-0.044748187,0.19539611041545868,-0.2971842586994171
3226,0.5200696769999951,new,1.5037546157836914,-1.3240940570831299,0.22632195,-0.029292984,0.20721972,-0.079084024,1.0815223,-1.0123821,-2.2719502,2.728164,1.7763971,-2.1559596,-0.030738115,0.032651424,0.02580285,-0.032269955,-2.390623,2.8021333,2.0776987,-2.118647,-0.03080368,0.03131032,0.026679039,-0.030654669,0.9664124250411987,-0.9912896752357483
3227,0.5400708859999952,new,-1.349686861038208,1.6587499380111694,0.020538485,0.3261866,-0.031483315,0.19169417,-1.0005299,0.90679485,-2.8116105,2.302587,4.3768883,-4.0709376,-0.06309748,0.057399273,0.062692165,-0.06558895,-2.3912787,2.315104,4.2846203,-3.8471816,-0.061529875,0.05853772,0.06311536,-0.06685853,-1.2805202007293701,1.6669824123382568
3228,0.5600694390000029,new,-0.7445288300514221,1.140029788017273,0.2828388,-0.017538669,0.2627167,-0.0614821,-0.7637572,1.1292651,-1.1735857,0.71603054,1.29503,-0.6795525,-0.032529235,0.032246113,0.051265955,-0.055760145,-1.0009408,0.783652,1.111567,-0.7091164,-0.032117963,0.03273487,0.050723553,-0.056380033,-2.022592067718506,2.320535659790039
