checkpoint,checkpoint_internal_iteration,stage,q_gain,dq_gain,hip_target_abs_peak_rad,hip_target_step_rms_rad
10000,10001,zero_command,1.26697071661821,0.001838525133059597,0.04391079023480415,0.0008004978793180532
10000,10001,forward,1.388475050322057,0.0019454868251629082,0.025577975437045097,0.0007562513116277126
10000,10001,pre_turn,1.3765368722772888,0.0020144776161557555,0.028464101254940033,0.000553187611127234
10000,10001,turn_early,1.5019281565674487,0.0018038923803932964,0.03445560857653618,0.0010046409708702477
10000,10001,onset_left,1.41484694424163,0.0017478312113259743,0.05393495038151741,0.01066545842899709
10000,10001,growth,1.732801489788499,0.008195779602575611,0.6874006390571594,0.2970693028375789
10000,10001,all_turn,1.5085627355093143,0.001919007232118948,0.6874006390571594,0.17323670307099168
10000,10001,onset_and_growth,1.5099232801110316,0.005936699120130408,0.6874006390571594,0.22232629057583622
10000,10001,history_filled_policy,1.3513169069438145,0.0019321894928545401,0.6874006390571594,0.05833174937008817
10000,10001,startup_partial_history,1.227810458419729,0.00351299443567297,0.05195315554738045,0.005609964384249589
20000,20001,zero_command,0.6766343416999621,0.0017776302197783735,0.0329277329146862,0.0009321855867504287
20000,20001,forward,0.7424642540499835,0.0018522552952922211,0.02735978178679943,0.0009553308338854588
20000,20001,pre_turn,0.6926938100677185,0.0018068070069019735,0.028681278228759766,0.0005749277862743734
20000,20001,turn_early,0.7502874712873736,0.00164421620940445,0.024920586496591568,0.0009820583295317511
20000,20001,onset_left,0.7592798456821008,0.0018405737384088931,0.06138208135962486,0.008763202441703848
20000,20001,growth,1.9182394371828422,0.01956241624541944,0.6858599185943604,0.34154449687855637
20000,20001,all_turn,0.8103296304877328,0.0018486182073467869,0.6858599185943604,0.19908567733052351
20000,20001,onset_and_growth,1.2820318482943183,0.007042377546975151,0.6858599185943604,0.255500572058352
20000,20001,history_filled_policy,0.713298577125044,0.0018201047260881038,0.6858599185943604,0.06703594218995372
20000,20001,startup_partial_history,0.7756724004961282,0.0015989765426220463,0.03766484931111336,0.006887247394526338
30000,30001,zero_command,0.7944734574115873,0.0009555202592516392,0.03204001486301422,0.0008969516339365804
30000,30001,forward,0.6166351370048717,0.0010639925399051223,0.022384516894817352,0.0007636267586001994
30000,30001,pre_turn,0.7465900798398447,0.001128690168147454,0.025936495512723923,0.0006756084695943499
30000,30001,turn_early,0.6973166395462727,0.0010100965714306106,0.021707644686102867,0.0009500218761775302
30000,30001,onset_left,0.666721153014836,0.0011297696161177914,0.06710448861122131,0.011724892999568052
30000,30001,growth,1.5305590633173365,0.021052548720560053,0.5586982369422913,0.33680287114814106
30000,30001,all_turn,0.750878121584963,0.001078665217381035,0.5586982369422913,0.19639247854580097
30000,30001,onset_and_growth,1.2700871618557281,0.007527622308955827,0.5586982369422913,0.25204438137067253
30000,30001,history_filled_policy,0.7119100348651746,0.0010438414706859514,0.5586982369422913,0.06612791726552865
30000,30001,startup_partial_history,0.9616500880181689,0.0012670186495283729,0.043696943670511246,0.007728184093210126
32000,32001,zero_command,0.8511317325812094,0.0017118661090437305,0.0393361821770668,0.0009523674605441873
32000,32001,forward,0.4544293094934508,0.002073557532189492,0.02170235849916935,0.0008354980146985896
32000,32001,pre_turn,0.4335772546631183,0.002377816556628647,0.022188177332282066,0.0004959221089355755
32000,32001,turn_early,0.4920462091615694,0.0021691614214940334,0.024460388347506523,0.0010212928437122611
32000,32001,onset_left,0.5193902920527582,0.002446515197232235,0.06620275229215622,0.010222636581908614
32000,32001,growth,1.9937141638774842,0.019994687489062277,0.701246976852417,0.3718854339179416
32000,32001,all_turn,0.5112771471575638,0.002554444960456705,0.701246976852417,0.21692056441830695
32000,32001,onset_and_growth,1.0741266696125473,0.009212516406470191,0.701246976852417,0.2783896185338462
32000,32001,history_filled_policy,0.5727640276155542,0.0019687510706203177,0.701246976852417,0.07303958906231127
32000,32001,startup_partial_history,0.9700349412111655,0.0014004427480331216,0.04556884244084358,0.008538528304817609
33000,33001,zero_command,0.3556865501797057,0.0010724916569766684,0.03941171243786812,0.0009038872841305787
33000,33001,forward,0.47827868765507814,0.0012009833673053316,0.01894489862024784,0.0007592036860657107
33000,33001,pre_turn,0.6020947177179276,0.0013036059384905182,0.019764695316553116,0.0005902907472350942
33000,33001,turn_early,0.6379245976552216,0.0010031088589978435,0.016656560823321342,0.00099982110327569
33000,33001,onset_left,0.5914708060314482,0.0015037201636976354,0.05864497274160385,0.009412261418210386
33000,33001,growth,1.8523441228208597,0.021094096556122106,0.6186321973800659,0.34498660365591965
33000,33001,all_turn,0.7081442463643691,0.001445592691888608,0.6186321973800659,0.20117279488551684
33000,33001,onset_and_growth,1.330111582899546,0.008988907409100104,0.6186321973800659,0.2581789612107116
33000,33001,history_filled_policy,0.5141326405899992,0.0012104121913877103,0.6186321973800659,0.06773725611092735
33000,33001,startup_partial_history,0.9833661869708895,0.0016398662397693914,0.042801130563020706,0.008138269889211718
